owner,pair_n_01,pair_n_02,pair_n_12,pair_rate_01,pair_rate_02,pair_rate_12,progress,seed,step,tri_rate_01,tri_rate_02,tri_rate_12,triple_overlap
0,1317,531,1337,0.0,0.0,0.0,0.0,1,0,0.0,0.0,0.0,316
1,1317,531,1337,0.0,0.0,0.0,0.0,1,0,0.0,0.0,0.0,316
2,1317,531,1337,0.0,0.0,0.0,0.0,1,0,0.0,0.0,0.0,316
0,4271,3277,1337,0.0,0.0,0.0,0.025,1,100,0.0,0.0,0.0,1261
1,3370,531,4188,0.0,0.0,0.0,0.025,1,100,0.0,0.0,0.0,531
2,1317,3584,4374,0.0,0.0,0.0,0.025,1,100,0.0,0.0,0.0,1296
0,12542,15832,16361,7.973210014351777e-05,0.0009474482061647296,0.0007945724588961555,0.05,1,200,7.973845785822502e-05,0.0006379076628658002,0.0006379076628658002,12541
1,12542,15832,16361,7.973210014351777e-05,0.0009474482061647296,0.0007945724588961555,0.05,1,200,7.973845785822502e-05,0.0006379076628658002,0.0006379076628658002,12541
2,12542,15832,16361,7.973210014351777e-05,0.0009474482061647296,0.0007945724588961555,0.05,1,200,7.973845785822502e-05,0.0006379076628658002,0.0006379076628658002,12541
0,12542,15834,16361,7.973210014351777e-05,0.0009473285335354301,0.0007945724588961555,0.05,1,300,7.973845785822502e-05,0.0006379076628658002,0.0006379076628658002,12541
1,12542,15832,16361,7.973210014351777e-05,0.0009474482061647296,0.0007945724588961555,0.05,1,300,7.973845785822502e-05,0.0006379076628658002,0.0006379076628658002,12541
2,12542,19156,16361,7.973210014351777e-05,0.001618291918980998,0.0015280239594156837,0.05,1,300,7.973845785822502e-05,0.0013555537835898254,0.0015150306993062753,12541
0,12542,24642,16361,7.973210014351777e-05,0.0015015015015015015,0.0015280239594156837,0.075,1,400,7.973845785822502e-05,0.0013555537835898254,0.0015150306993062753,12541
1,12542,23237,16361,7.973210014351777e-05,0.001549253345956879,0.0015280239594156837,0.075,1,400,7.973845785822502e-05,0.0013555537835898254,0.0015150306993062753,12541
2,12542,24642,16361,7.973210014351777e-05,0.0015015015015015015,0.0015280239594156837,0.075,1,400,7.973845785822502e-05,0.0013555537835898254,0.0015150306993062753,12541
0,12542,24642,16361,7.973210014351777e-05,0.0015015015015015015,0.0015280239594156837,0.075,1,500,7.973845785822502e-05,0.0013555537835898254,0.0015150306993062753,12541
1,12542,23237,16361,7.973210014351777e-05,0.001549253345956879,0.0015280239594156837,0.075,1,500,7.973845785822502e-05,0.0013555537835898254,0.0015150306993062753,12541
2,12542,24647,16364,7.973210014351777e-05,0.0019069257921856615,0.0016499633341481301,0.075,1,500,7.973845785822502e-05,0.0015150306993062753,0.0016745076150227254,12541
0,12542,24708,18711,7.973210014351777e-05,0.0020236360692892992,0.00160333493666827,0.1,1,600,7.973845785822502e-05,0.0016745076150227254,0.0018339845307391756,12541
1,12542,23244,18975,7.973210014351777e-05,0.002022027189812425,0.0016337285902503294,0.1,1,600,7.973845785822502e-05,0.0016745076150227254,0.0018339845307391756,12541
2,12542,24708,18975,7.973210014351777e-05,0.0020236360692892992,0.0016337285902503294,0.1,1,600,7.973845785822502e-05,0.0016745076150227254,0.0018339845307391756,12541
0,12542,24708,18711,7.973210014351777e-05,0.0020236360692892992,0.00160333493666827,0.125,1,700,7.973845785822502e-05,0.0016745076150227254,0.0018339845307391756,12541
1,12542,23244,18975,7.973210014351777e-05,0.002022027189812425,0.0016337285902503294,0.1,1,700,7.973845785822502e-05,0.0016745076150227254,0.0018339845307391756,12541
2,12542,24708,23355,7.973210014351777e-05,0.001942690626517727,0.0018839648897452366,0.125,1,700,7.973845785822502e-05,0.0015947691571645004,0.0017542460728809505,12541
0,12542,24873,20528,7.973210014351777e-05,0.0019298034012784947,0.0016075604053000779,0.2,1,800,7.973845785822502e-05,0.0015947691571645004,0.0017542460728809505,12541
1,12542,23247,23554,7.973210014351777e-05,0.0019357336430507162,0.002037870425405451,0.175,1,800,7.973845785822502e-05,0.0015947691571645004,0.0017542460728809505,12541
2,12542,24873,23554,7.973210014351777e-05,0.0019298034012784947,0.002037870425405451,0.2,1,800,7.973845785822502e-05,0.0015947691571645004,0.0017542460728809505,12541
0,12542,24873,20528,7.973210014351777e-05,0.0019298034012784947,0.0016075604053000779,0.25,1,900,7.973845785822502e-05,0.0015947691571645004,0.0017542460728809505,12541
1,12542,23247,23554,7.973210014351777e-05,0.0019357336430507162,0.002037870425405451,0.2,1,900,7.973845785822502e-05,0.0015947691571645004,0.0017542460728809505,12541
2,12542,25330,23554,7.973210014351777e-05,0.0018949861823924202,0.002037870425405451,0.25,1,900,7.973845785822502e-05,0.0015947691571645004,0.0017542460728809505,12541
0,12542,25330,20528,7.973210014351777e-05,0.0018949861823924202,0.0016075604053000779,0.275,1,1000,7.973845785822502e-05,0.0015947691571645004,0.0017542460728809505,12541
1,12542,23247,23555,7.973210014351777e-05,0.0019357336430507162,0.0020377839099978774,0.275,1,1000,7.973845785822502e-05,0.0015947691571645004,0.0017542460728809505,12541
2,12542,25330,23555,7.973210014351777e-05,0.0018949861823924202,0.0020377839099978774,0.275,1,1000,7.973845785822502e-05,0.0015947691571645004,0.0017542460728809505,12541
0,12542,25330,20528,7.973210014351777e-05,0.0018949861823924202,0.0016075604053000779,0.3,1,1100,7.973845785822502e-05,0.0015947691571645004,0.0017542460728809505,12541
1,12542,23247,23555,7.973210014351777e-05,0.0019357336430507162,0.0020377839099978774,0.325,1,1100,7.973845785822502e-05,0.0015947691571645004,0.0017542460728809505,12541
2,12542,25330,23555,7.973210014351777e-05,0.0018949861823924202,0.0020377839099978774,0.325,1,1100,7.973845785822502e-05,0.0015947691571645004,0.0017542460728809505,12541
0,12542,25330,20528,7.973210014351777e-05,0.0018949861823924202,0.0016075604053000779,0.325,1,1200,7.973845785822502e-05,0.0015947691571645004,0.0017542460728809505,12541
1,12542,23247,23555,7.973210014351777e-05,0.0019357336430507162,0.0020377839099978774,0.35,1,1200,7.973845785822502e-05,0.0015947691571645004,0.0017542460728809505,12541
2,12542,25330,23555,7.973210014351777e-05,0.0018949861823924202,0.0020377839099978774,0.35,1,1200,7.973845785822502e-05,0.0015947691571645004,0.0017542460728809505,12541
0,12542,25330,20528,7.973210014351777e-05,0.0018949861823924202,0.0016075604053000779,0.375,1,1300,7.973845785822502e-05,0.0015947691571645004,0.0017542460728809505,12541
1,12542,23247,24165,7.973210014351777e-05,0.0019357336430507162,0.0019863438857852266,0.375,1,1300,7.973845785822502e-05,0.0015947691571645004,0.0017542460728809505,12541
2,12542,25330,23555,7.973210014351777e-05,0.0018949861823924202,0.0020377839099978774,0.375,1,1300,7.973845785822502e-05,0.0015947691571645004,0.0017542460728809505,12541
0,12542,25330,20528,7.973210014351777e-05,0.0018949861823924202,0.0016075604053000779,0.375,1,1400,7.973845785822502e-05,0.0015947691571645004,0.0017542460728809505,12541
1,12542,23247,32817,7.973210014351777e-05,0.0019357336430507162,0.0024987049395130572,0.375,1,1400,7.973845785822502e-05,0.0015947691571645004,0.0017542460728809505,12541
2,12542,25330,32817,7.973210014351777e-05,0.0018949861823924202,0.0024987049395130572,0.375,1,1400,7.973845785822502e-05,0.0015947691571645004,0.0017542460728809505,12541
0,12542,25330,20528,7.973210014351777e-05,0.0018949861823924202,0.0016075604053000779,0.375,1,1500,7.973845785822502e-05,0.0015947691571645004,0.0017542460728809505,12541
1,12542,23247,32817,7.973210014351777e-05,0.0019357336430507162,0.0026205929853429623,0.4,1,1500,7.973845785822502e-05,0.0015947691571645004,0.0017542460728809505,12541
2,12542,25330,39459,7.973210014351777e-05,0.0018949861823924202,0.0016219366937834207,0.4,1,1500,7.973845785822502e-05,0.0015947691571645004,0.0017542460728809505,12541
0,12542,25330,20528,7.973210014351777e-05,0.0018949861823924202,0.0016075604053000779,0.375,1,1600,7.973845785822502e-05,0.0015947691571645004,0.0017542460728809505,12541
1,12542,23247,42629,7.973210014351777e-05,0.0019357336430507162,0.0025569448028337515,0.425,1,1600,7.973845785822502e-05,0.0015947691571645004,0.0017542460728809505,12541
2,12542,25330,42629,7.973210014351777e-05,0.0018949861823924202,0.0025569448028337515,0.425,1,1600,7.973845785822502e-05,0.0015947691571645004,0.0017542460728809505,12541
0,12542,25330,20528,7.973210014351777e-05,0.0018949861823924202,0.0016075604053000779,0.4,1,1700,7.973845785822502e-05,0.0015947691571645004,0.0017542460728809505,12541
1,12542,23247,42629,7.973210014351777e-05,0.0019357336430507162,0.0025569448028337515,0.45,1,1700,7.973845785822502e-05,0.0015947691571645004,0.0017542460728809505,12541
2,12542,25330,50491,7.973210014351777e-05,0.0018949861823924202,0.0034263532114634293,0.45,1,1700,7.973845785822502e-05,0.0015947691571645004,0.0017542460728809505,12541
0,12542,25330,20528,7.973210014351777e-05,0.0018949861823924202,0.0016075604053000779,0.4,1,1800,7.973845785822502e-05,0.0015947691571645004,0.0017542460728809505,12541
1,12542,23247,52000,7.973210014351777e-05,0.0019357336430507162,0.004192307692307692,0.475,1,1800,7.973845785822502e-05,0.0015947691571645004,0.0017542460728809505,12541
2,12542,25330,52000,7.973210014351777e-05,0.0018949861823924202,0.004192307692307692,0.475,1,1800,7.973845785822502e-05,0.0015947691571645004,0.0017542460728809505,12541
0,12542,25330,20528,7.973210014351777e-05,0.0018949861823924202,0.0016075604053000779,0.425,1,1900,7.973845785822502e-05,0.0015947691571645004,0.0017542460728809505,12541
1,12542,23247,52000,7.973210014351777e-05,0.0019357336430507162,0.004192307692307692,0.475,1,1900,7.973845785822502e-05,0.0015947691571645004,0.0017542460728809505,12541
2,12542,25330,52557,7.973210014351777e-05,0.0018949861823924202,0.004262039309701847,0.5,1,1900,7.973845785822502e-05,0.0015947691571645004,0.0017542460728809505,12541
0,12542,25330,20579,7.973210014351777e-05,0.0018949861823924202,0.0016035764614412752,0.6,1,2000,7.973845785822502e-05,0.0015947691571645004,0.0017542460728809505,12541
1,12542,23247,52000,7.973210014351777e-05,0.0019357336430507162,0.004192307692307692,0.5,1,2000,7.973845785822502e-05,0.0015947691571645004,0.0017542460728809505,12541
2,12542,25330,52580,7.973210014351777e-05,0.0018949861823924202,0.004279193609737543,0.6,1,2000,7.973845785822502e-05,0.0015947691571645004,0.0017542460728809505,12541
0,12542,25330,20579,7.973210014351777e-05,0.0018949861823924202,0.0016035764614412752,0.625,1,2100,7.973845785822502e-05,0.0015947691571645004,0.0017542460728809505,12541
1,12542,23247,52002,7.973210014351777e-05,0.0019357336430507162,0.004192146455905542,0.5,1,2100,7.973845785822502e-05,0.0015947691571645004,0.0017542460728809505,12541
2,12542,25342,52580,7.973210014351777e-05,0.0018940888643358851,0.004279193609737543,0.625,1,2100,7.973845785822502e-05,0.0015947691571645004,0.0017542460728809505,12541
0,12542,31732,20579,7.973210014351777e-05,0.00160721038699105,0.0016035764614412752,0.625,1,2200,7.973845785822502e-05,0.0015947691571645004,0.0017542460728809505,12541
1,12542,31732,52941,7.973210014351777e-05,0.00160721038699105,0.004250014166713889,0.65,1,2200,7.973845785822502e-05,0.0015947691571645004,0.0017542460728809505,12541
2,12542,31732,52941,7.973210014351777e-05,0.00160721038699105,0.004250014166713889,0.65,1,2200,7.973845785822502e-05,0.0015947691571645004,0.0017542460728809505,12541
0,12542,35279,20579,7.973210014351777e-05,0.0017290739533433487,0.0016035764614412752,0.675,1,2300,7.973845785822502e-05,0.0015947691571645004,0.0017542460728809505,12541
1,12542,31732,53007,7.973210014351777e-05,0.00160721038699105,0.004622031052502499,0.7,1,2300,7.973845785822502e-05,0.0015947691571645004,0.0017542460728809505,12541
2,12542,35909,52941,7.973210014351777e-05,0.0023113982567044473,0.004250014166713889,0.7,1,2300,7.973845785822502e-05,0.0015947691571645004,0.0017542460728809505,12541
0,12544,46312,53657,7.971938775510203e-05,0.0030877526343064433,0.004826956408297146,0.725,1,2400,7.97257434425576e-05,0.001594514868851152,0.0017539663557362673,12543
1,12544,42210,53657,7.971938775510203e-05,0.002416488983653163,0.004826956408297146,0.725,1,2400,7.97257434425576e-05,0.001594514868851152,0.0017539663557362673,12543
2,12544,46312,53657,7.971938775510203e-05,0.0030877526343064433,0.004826956408297146,0.725,1,2400,7.97257434425576e-05,0.001594514868851152,0.0017539663557362673,12543
0,12544,46312,53657,7.971938775510203e-05,0.0031309379858352046,0.004826956408297146,0.725,1,2500,7.97257434425576e-05,0.001594514868851152,0.0017539663557362673,12543
1,16558,42210,56996,6.0393767363208115e-05,0.002416488983653163,0.0050003509018176715,0.725,1,2500,6.968155529231412e-05,0.0013936311058462825,0.0015329942164309107,14351
2,12544,47345,53657,7.971938775510203e-05,0.003189354736508607,0.004826956408297146,0.725,1,2500,7.97257434425576e-05,0.001594514868851152,0.0017539663557362673,12543
0,12544,51577,53657,7.971938775510203e-05,0.0036062586036411577,0.004826956408297146,0.725,1,2600,7.97257434425576e-05,0.001594514868851152,0.0017539663557362673,12543
1,20377,51577,58277,0.0005888992491534573,0.0036062586036411577,0.005062031333115981,0.725,1,2600,0.00025521597652013015,0.0013398838767306833,0.001531295859120781,15673
2,20377,51577,58277,0.0005888992491534573,0.0036062586036411577,0.005062031333115981,0.725,1,2600,0.00025521597652013015,0.0013398838767306833,0.001531295859120781,15673
0,12544,51577,53657,7.971938775510203e-05,0.0036062586036411577,0.004826956408297146,0.775,1,2700,7.97257434425576e-05,0.001594514868851152,0.0017539663557362673,12543
1,21369,51577,58285,0.0007019514249613927,0.0036062586036411577,0.005061336535986961,0.775,1,2700,0.00025508577259103374,0.001339200306102927,0.0015305146355462024,15681
2,20377,60552,62375,0.0005888992491534573,0.0032368873034746993,0.00487374749498998,0.775,1,2700,0.00045571927692541396,0.0012152514051344372,0.0016203352068459164,19749
0,21371,68314,63833,0.000748678115202845,0.00396697602248441,0.00488775398304952,0.825,1,2800,0.0006134969325153375,0.0012741859367626238,0.0018404907975460123,21190
1,21371,68314,63833,0.000748678115202845,0.00396697602248441,0.00488775398304952,0.825,1,2800,0.0006134969325153375,0.0012741859367626238,0.0018404907975460123,21190
2,21371,68314,63833,0.000748678115202845,0.00396697602248441,0.00488775398304952,0.825,1,2800,0.0006134969325153375,0.0012741859367626238,0.0018404907975460123,21190
0,21371,68314,63833,0.000748678115202845,0.00396697602248441,0.00488775398304952,0.875,1,2900,0.0006134969325153375,0.0012741859367626238,0.0018404907975460123,21190
1,21371,68314,63833,0.000748678115202845,0.00396697602248441,0.00488775398304952,0.875,1,2900,0.0006134969325153375,0.0012741859367626238,0.0018404907975460123,21190
2,21371,72076,63833,0.000748678115202845,0.004356512570064932,0.004903419861200319,0.875,1,2900,0.0006134969325153375,0.0013213780084945729,0.0018876828692779614,21190
0,21371,72228,68706,0.000748678115202845,0.004278119288918425,0.00462841673216313,0.9,1,3000,0.0006134969325153375,0.001368570080226522,0.0019348749410099102,21190
1,21371,72228,68706,0.000748678115202845,0.004278119288918425,0.00462841673216313,0.9,1,3000,0.0006134969325153375,0.001368570080226522,0.0019348749410099102,21190
2,21371,72228,68706,0.000748678115202845,0.004278119288918425,0.00462841673216313,0.9,1,3000,0.0006134969325153375,0.001368570080226522,0.0019348749410099102,21190
0,21371,72228,68706,0.000748678115202845,0.004278119288918425,0.00462841673216313,0.9,1,3100,0.0006134969325153375,0.001368570080226522,0.0019348749410099102,21190
1,21371,72228,68868,0.000748678115202845,0.004278119288918425,0.0046901318464308535,0.9,1,3100,0.0006134969325153375,0.001368570080226522,0.0019348749410099102,21190
2,21371,72248,71038,0.000748678115202845,0.004276935001660946,0.006236098989273347,0.9,1,3100,0.0006134969325153375,0.001368570080226522,0.0019348749410099102,21190
0,21371,72248,73750,0.000748678115202845,0.004276935001660946,0.008488135593220338,0.95,1,3200,0.0006134969325153375,0.001368570080226522,0.0019348749410099102,21190
1,21371,72248,73750,0.000748678115202845,0.004276935001660946,0.008488135593220338,0.95,1,3200,0.0006134969325153375,0.001368570080226522,0.0019348749410099102,21190
2,21371,72248,73750,0.000748678115202845,0.004276935001660946,0.008488135593220338,0.95,1,3200,0.0006134969325153375,0.001368570080226522,0.0019348749410099102,21190
0,21371,72248,73750,0.000748678115202845,0.004276935001660946,0.008488135593220338,0.975,1,3300,0.0006134969325153375,0.001368570080226522,0.0019348749410099102,21190
1,21371,72248,73750,0.000748678115202845,0.004276935001660946,0.008528813559322035,0.975,1,3300,0.0006134969325153375,0.001368570080226522,0.0019348749410099102,21190
2,21371,72248,73750,0.000748678115202845,0.004276935001660946,0.008623728813559321,0.975,1,3300,0.0006134969325153375,0.001368570080226522,0.0019348749410099102,21190
0,21371,72248,73750,0.000748678115202845,0.004276935001660946,0.008677966101694915,0.975,1,3400,0.0006134969325153375,0.001368570080226522,0.0019348749410099102,21190
1,21371,72248,73750,0.000748678115202845,0.004276935001660946,0.008677966101694915,0.975,1,3400,0.0006134969325153375,0.001368570080226522,0.0019348749410099102,21190
2,21371,72248,73750,0.000748678115202845,0.004276935001660946,0.008677966101694915,0.975,1,3400,0.0006134969325153375,0.001368570080226522,0.0019348749410099102,21190
0,1319,531,1339,0.0,0.0,0.0,0.0,2,0,0.0,0.0,0.0,316
1,1319,531,1339,0.0,0.0,0.0,0.0,2,0,0.0,0.0,0.0,316
2,1319,531,1339,0.0,0.0,0.0,0.0,2,0,0.0,0.0,0.0,316
0,4266,3288,1339,0.0,0.0,0.0,0.0,2,100,0.0,0.0,0.0,1260
1,3440,531,4357,0.0,0.0,0.0,0.0,2,100,0.0,0.0,0.0,531
2,1319,1657,3442,0.0,0.0,0.0,0.0,2,100,0.0,0.0,0.0,869
0,13071,3343,4389,0.0007650524060898172,0.0,0.0,0.0,2,200,0.0,0.0,0.0,3343
1,13071,9421,19382,0.0007650524060898172,0.00031843753317057635,0.010783200908059024,0.0,2,200,0.000918800964741013,0.00034455036177787984,0.0005742506029631331,8707
2,13071,9421,19382,0.0007650524060898172,0.00031843753317057635,0.010783200908059024,0.0,2,200,0.000918800964741013,0.00034455036177787984,0.0005742506029631331,8707
0,14055,3485,4389,0.0007826396300249022,0.0,0.0,0.0,2,300,0.0,0.0,0.0,3485
1,13071,9421,22619,0.0007650524060898172,0.00031843753317057635,0.0024315840664927714,0.0,2,300,0.000918800964741013,0.00034455036177787984,0.0005742506029631331,8707
2,13071,9829,19382,0.0007650524060898172,0.00030521924916064705,0.012124651738726653,0.0,2,300,0.000918800964741013,0.00034455036177787984,0.0005742506029631331,8707
0,18353,19791,23336,0.0028878112570152018,0.0036380172805820826,0.0009856016455262256,0.05,2,400,0.003647025171624714,0.004076086956521739,0.001072654462242563,13984
1,18353,19791,23336,0.0028878112570152018,0.0036380172805820826,0.0009856016455262256,0.05,2,400,0.003647025171624714,0.004076086956521739,0.001072654462242563,13984
2,13071,9829,23336,0.0007650524060898172,0.00030521924916064705,0.0009856016455262256,0.05,2,400,0.000918800964741013,0.00034455036177787984,0.0005742506029631331,8707
0,20404,26325,23336,0.000588119976475201,0.0015954415954415955,0.0009856016455262256,0.075,2,500,0.0006292078273453721,0.0009438117410180582,0.0010696533064871326,15893
1,18353,19791,23336,0.0028878112570152018,0.0036380172805820826,0.0009856016455262256,0.075,2,500,0.003647025171624714,0.004076086956521739,0.001072654462242563,13984
2,13071,9829,23336,0.0007650524060898172,0.00030521924916064705,0.0009856016455262256,0.075,2,500,0.000918800964741013,0.00034455036177787984,0.0005742506029631331,8707
0,20407,29014,23336,0.0007840446905473612,0.0031708830219893845,0.0009856016455262256,0.15,2,600,0.0008178158027176649,0.001132360342224459,0.0010694514343231002,15896
1,20407,29014,23336,0.0007840446905473612,0.0031708830219893845,0.0009856016455262256,0.15,2,600,0.0008178158027176649,0.001132360342224459,0.0010694514343231002,15896
2,20407,29014,23336,0.0007840446905473612,0.0031708830219893845,0.0009856016455262256,0.15,2,600,0.0008178158027176649,0.001132360342224459,0.0010694514343231002,15896
0,20407,29015,23336,0.0007840446905473612,0.0034464931931759437,0.0009856016455262256,0.2,2,700,0.0008178158027176649,0.001132360342224459,0.0010694514343231002,15896
1,20407,29014,23336,0.0007840446905473612,0.0031708830219893845,0.0009856016455262256,0.2,2,700,0.0008178158027176649,0.001132360342224459,0.0010694514343231002,15896
2,20407,29014,23336,0.0007840446905473612,0.003205349141793617,0.0009856016455262256,0.2,2,700,0.0008178158027176649,0.001132360342224459,0.0010694514343231002,15896
0,20407,29015,23336,0.0007840446905473612,0.003480958125107703,0.0009856016455262256,0.225,2,800,0.0008178158027176649,0.001132360342224459,0.0010694514343231002,15896
1,20407,29014,23336,0.0007840446905473612,0.003205349141793617,0.0009856016455262256,0.225,2,800,0.0008178158027176649,0.001132360342224459,0.0010694514343231002,15896
2,20407,29015,23336,0.0007840446905473612,0.003480958125107703,0.0009856016455262256,0.225,2,800,0.0008178158027176649,0.001132360342224459,0.0010694514343231002,15896
0,20407,29015,23336,0.0007840446905473612,0.003480958125107703,0.0009856016455262256,0.275,2,900,0.0008178158027176649,0.001132360342224459,0.0010694514343231002,15896
1,20407,29014,23336,0.0007840446905473612,0.003205349141793617,0.0009856016455262256,0.25,2,900,0.0008178158027176649,0.001132360342224459,0.0010694514343231002,15896
2,20407,29015,25608,0.0007840446905473612,0.003480958125107703,0.0008981568259918775,0.3,2,900,0.0008178158027176649,0.001132360342224459,0.0010694514343231002,15896
0,20407,29015,23336,0.0007840446905473612,0.003480958125107703,0.0009856016455262256,0.275,2,1000,0.0008178158027176649,0.001132360342224459,0.0010694514343231002,15896
1,20407,29014,26413,0.0007840446905473612,0.003205349141793617,0.0009086434710180593,0.3,2,1000,0.0008178158027176649,0.001132360342224459,0.0010694514343231002,15896
2,20407,29211,26413,0.0007840446905473612,0.0034576015884427097,0.0009086434710180593,0.3,2,1000,0.0008178158027176649,0.001132360342224459,0.0010694514343231002,15896
0,20407,29015,23336,0.0007840446905473612,0.003480958125107703,0.0009856016455262256,0.3,2,1100,0.0008178158027176649,0.001132360342224459,0.0010694514343231002,15896
1,20407,29014,26413,0.0007840446905473612,0.003205349141793617,0.0009086434710180593,0.3,2,1100,0.0008178158027176649,0.001132360342224459,0.0010694514343231002,15896
2,20407,29211,26413,0.0007840446905473612,0.0034576015884427097,0.0009086434710180593,0.325,2,1100,0.0008178158027176649,0.001132360342224459,0.0010694514343231002,15896
0,20407,29211,26412,0.0007840446905473612,0.0034576015884427097,0.0009086778736937755,0.375,2,1200,0.0008178158027176649,0.001132360342224459,0.0010694514343231002,15896
1,20407,29014,26413,0.0007840446905473612,0.003205349141793617,0.0009086434710180593,0.375,2,1200,0.0008178158027176649,0.001132360342224459,0.0010694514343231002,15896
2,20407,29211,26413,0.0007840446905473612,0.0034576015884427097,0.0009086434710180593,0.375,2,1200,0.0008178158027176649,0.001132360342224459,0.0010694514343231002,15896
0,20407,29211,26412,0.0007840446905473612,0.0034576015884427097,0.0009086778736937755,0.4,2,1300,0.0008178158027176649,0.001132360342224459,0.0010694514343231002,15896
1,20407,29014,26413,0.0007840446905473612,0.003205349141793617,0.0009086434710180593,0.375,2,1300,0.0008178158027176649,0.001132360342224459,0.0010694514343231002,15896
2,20407,29211,26413,0.0007840446905473612,0.0034576015884427097,0.0009086434710180593,0.4,2,1300,0.0008178158027176649,0.001132360342224459,0.0010694514343231002,15896
0,20407,29211,26412,0.0007840446905473612,0.0034576015884427097,0.0009086778736937755,0.4,2,1400,0.0008178158027176649,0.001132360342224459,0.0010694514343231002,15896
1,20407,29014,26413,0.0007840446905473612,0.003205349141793617,0.0009086434710180593,0.4,2,1400,0.0008178158027176649,0.001132360342224459,0.0010694514343231002,15896
2,20407,29211,26413,0.0007840446905473612,0.0034576015884427097,0.0009086434710180593,0.4,2,1400,0.0008178158027176649,0.001132360342224459,0.0010694514343231002,15896
0,20407,29211,26412,0.0007840446905473612,0.0034576015884427097,0.0009086778736937755,0.425,2,1500,0.0008178158027176649,0.001132360342224459,0.0010694514343231002,15896
1,20407,29014,26413,0.0007840446905473612,0.003205349141793617,0.0009086434710180593,0.4,2,1500,0.0008178158027176649,0.001132360342224459,0.0010694514343231002,15896
2,20407,29211,27590,0.0007840446905473612,0.0034576015884427097,0.0011598405219282349,0.4,2,1500,0.0008178158027176649,0.001132360342224459,0.0010694514343231002,15896
0,20407,29211,26412,0.0007840446905473612,0.0034576015884427097,0.0009086778736937755,0.45,2,1600,0.0008178158027176649,0.001132360342224459,0.0010694514343231002,15896
1,20407,29014,26413,0.0007840446905473612,0.003205349141793617,0.0009086434710180593,0.4,2,1600,0.0008178158027176649,0.001132360342224459,0.0010694514343231002,15896
2,20407,29211,35572,0.0007840446905473612,0.0034576015884427097,0.003120431800292365,0.4,2,1600,0.0008178158027176649,0.001132360342224459,0.0010694514343231002,15896
0,20407,29211,26412,0.0007840446905473612,0.0034576015884427097,0.0009086778736937755,0.45,2,1700,0.0008178158027176649,0.001132360342224459,0.0010694514343231002,15896
1,20407,29014,26413,0.0007840446905473612,0.003205349141793617,0.0009086434710180593,0.4,2,1700,0.0008178158027176649,0.001132360342224459,0.0010694514343231002,15896
2,20407,29211,37545,0.0007840446905473612,0.0034576015884427097,0.0029298175522706085,0.425,2,1700,0.0008178158027176649,0.001132360342224459,0.0010694514343231002,15896
0,20407,29211,26412,0.0007840446905473612,0.0034576015884427097,0.0009086778736937755,0.45,2,1800,0.0008178158027176649,0.001132360342224459,0.0010694514343231002,15896
1,20407,29014,26413,0.0007840446905473612,0.003205349141793617,0.0009086434710180593,0.4,2,1800,0.0008178158027176649,0.001132360342224459,0.0010694514343231002,15896
2,20407,29211,40912,0.0007840446905473612,0.0034576015884427097,0.0028109112240907314,0.425,2,1800,0.0008178158027176649,0.001132360342224459,0.0010694514343231002,15896
0,20407,29211,26412,0.0007840446905473612,0.0034576015884427097,0.0009086778736937755,0.45,2,1900,0.0008178158027176649,0.001132360342224459,0.0010694514343231002,15896
1,20407,29014,26413,0.0007840446905473612,0.003205349141793617,0.0009086434710180593,0.4,2,1900,0.0008178158027176649,0.001132360342224459,0.0010694514343231002,15896
2,20407,29211,44510,0.0007840446905473612,0.0034576015884427097,0.003033026286227814,0.45,2,1900,0.0008178158027176649,0.001132360342224459,0.0010694514343231002,15896
0,20407,29211,26412,0.0007840446905473612,0.0034576015884427097,0.0009086778736937755,0.45,2,2000,0.0008178158027176649,0.001132360342224459,0.0010694514343231002,15896
1,20407,29014,26413,0.0007840446905473612,0.003205349141793617,0.0009086434710180593,0.4,2,2000,0.0008178158027176649,0.001132360342224459,0.0010694514343231002,15896
2,20407,29211,44551,0.0007840446905473612,0.0034576015884427097,0.0036587281991425557,0.45,2,2000,0.0008178158027176649,0.001132360342224459,0.0010694514343231002,15896
0,20407,29211,26412,0.0007840446905473612,0.0034576015884427097,0.0009086778736937755,0.45,2,2100,0.0008178158027176649,0.001132360342224459,0.0010694514343231002,15896
1,20407,29014,26413,0.0007840446905473612,0.003205349141793617,0.0009086434710180593,0.425,2,2100,0.0008178158027176649,0.001132360342224459,0.0010694514343231002,15896
2,20407,29211,44559,0.0007840446905473612,0.0034576015884427097,0.00480262124374425,0.45,2,2100,0.0008178158027176649,0.001132360342224459,0.0010694514343231002,15896
0,20407,29211,26412,0.0007840446905473612,0.0034576015884427097,0.0009086778736937755,0.45,2,2200,0.0008178158027176649,0.001132360342224459,0.0010694514343231002,15896
1,20407,29014,26413,0.0007840446905473612,0.003205349141793617,0.0009086434710180593,0.425,2,2200,0.0008178158027176649,0.001132360342224459,0.0010694514343231002,15896
2,20407,29211,44563,0.0007840446905473612,0.0034576015884427097,0.005049031707919126,0.45,2,2200,0.0008178158027176649,0.001132360342224459,0.0010694514343231002,15896
0,20407,29211,26412,0.0007840446905473612,0.0034576015884427097,0.0009086778736937755,0.475,2,2300,0.0008178158027176649,0.001132360342224459,0.0010694514343231002,15896
1,20407,29014,26413,0.0007840446905473612,0.003205349141793617,0.0009086434710180593,0.425,2,2300,0.0008178158027176649,0.001132360342224459,0.0010694514343231002,15896
2,20407,29399,44563,0.0007840446905473612,0.0034354910030953436,0.005049031707919126,0.45,2,2300,0.0008178158027176649,0.001132360342224459,0.0010694514343231002,15896
0,20407,29211,26412,0.0007840446905473612,0.0034576015884427097,0.0009086778736937755,0.475,2,2400,0.0008178158027176649,0.001132360342224459,0.0010694514343231002,15896
1,20407,29014,44563,0.0007840446905473612,0.003205349141793617,0.005049031707919126,0.5,2,2400,0.0008178158027176649,0.001132360342224459,0.0010694514343231002,15896
2,20407,32140,44563,0.0007840446905473612,0.0031425015556938393,0.005049031707919126,0.5,2,2400,0.0008178158027176649,0.001132360342224459,0.0010694514343231002,15896
0,20407,29211,26412,0.0007840446905473612,0.0034576015884427097,0.0009086778736937755,0.475,2,2500,0.0008178158027176649,0.001132360342224459,0.0010694514343231002,15896
1,20407,29014,44563,0.0007840446905473612,0.003205349141793617,0.005049031707919126,0.525,2,2500,0.0008178158027176649,0.001132360342224459,0.0010694514343231002,15896
2,20407,33653,44563,0.0007840446905473612,0.003149793480521796,0.005049031707919126,0.525,2,2500,0.0008178158027176649,0.001132360342224459,0.0010694514343231002,15896
0,20407,37935,44563,0.0007840446905473612,0.0033214709371293,0.005049031707919126,0.7,2,2600,0.0008178158027176649,0.001132360342224459,0.0010694514343231002,15896
1,20407,37935,44563,0.0007840446905473612,0.0033214709371293,0.005049031707919126,0.7,2,2600,0.0008178158027176649,0.001132360342224459,0.0010694514343231002,15896
2,20407,37935,44563,0.0007840446905473612,0.0033214709371293,0.005049031707919126,0.7,2,2600,0.0008178158027176649,0.001132360342224459,0.0010694514343231002,15896
0,20407,37935,44563,0.0007840446905473612,0.0033214709371293,0.005049031707919126,0.725,2,2700,0.0008178158027176649,0.001132360342224459,0.0010694514343231002,15896
1,20407,37935,44602,0.0007840446905473612,0.0033214709371293,0.00504461683332586,0.725,2,2700,0.0008178158027176649,0.001132360342224459,0.0010694514343231002,15896
2,20407,37953,44563,0.0007840446905473612,0.0033725924169367375,0.005049031707919126,0.725,2,2700,0.0008178158027176649,0.001132360342224459,0.0010694514343231002,15896
0,20407,37935,46418,0.0007840446905473612,0.0033214709371293,0.004847257529406695,0.75,2,2800,0.0008178158027176649,0.001132360342224459,0.0010694514343231002,15896
1,20407,37953,46418,0.0007840446905473612,0.0033725924169367375,0.004911887629798785,0.75,2,2800,0.0008178158027176649,0.001132360342224459,0.0010694514343231002,15896
2,20407,37953,46418,0.0007840446905473612,0.0033725924169367375,0.004911887629798785,0.75,2,2800,0.0008178158027176649,0.001132360342224459,0.0010694514343231002,15896
0,20407,37935,46418,0.0007840446905473612,0.0033214709371293,0.004847257529406695,0.775,2,2900,0.0008178158027176649,0.001132360342224459,0.0010694514343231002,15896
1,20407,37953,46485,0.0007840446905473612,0.0033725924169367375,0.004904808002581478,0.8,2,2900,0.0008178158027176649,0.001132360342224459,0.0010694514343231002,15896
2,20407,37953,46418,0.0007840446905473612,0.0033725924169367375,0.004911887629798785,0.8,2,2900,0.0008178158027176649,0.001132360342224459,0.0010694514343231002,15896
0,20407,37935,46418,0.0007840446905473612,0.0033214709371293,0.004847257529406695,0.775,2,3000,0.0008178158027176649,0.001132360342224459,0.0010694514343231002,15896
1,20407,37953,46485,0.0007840446905473612,0.0033725924169367375,0.004904808002581478,0.85,2,3000,0.0008178158027176649,0.001132360342224459,0.0010694514343231002,15896
2,20407,37953,46521,0.0007840446905473612,0.0033725924169367375,0.004901012445992133,0.85,2,3000,0.0008178158027176649,0.001132360342224459,0.0010694514343231002,15896
0,20407,37935,46418,0.0007840446905473612,0.0033214709371293,0.004847257529406695,0.825,2,3100,0.0008178158027176649,0.001132360342224459,0.0010694514343231002,15896
1,20407,37953,46485,0.0007840446905473612,0.0033725924169367375,0.004904808002581478,0.85,2,3100,0.0008178158027176649,0.001132360342224459,0.0010694514343231002,15896
2,20407,37953,47401,0.0007840446905473612,0.0033725924169367375,0.004810025104955592,0.85,2,3100,0.0008178158027176649,0.001132360342224459,0.0010694514343231002,15896
0,20407,37935,46418,0.0007840446905473612,0.0033214709371293,0.004847257529406695,0.825,2,3200,0.0008178158027176649,0.001132360342224459,0.0010694514343231002,15896
1,20407,37953,47898,0.0007840446905473612,0.0033725924169367375,0.004948014530878116,0.875,2,3200,0.0008178158027176649,0.001132360342224459,0.0010694514343231002,15896
2,20407,37953,47898,0.0007840446905473612,0.0033725924169367375,0.004948014530878116,0.875,2,3200,0.0008178158027176649,0.001132360342224459,0.0010694514343231002,15896
0,20407,37935,46418,0.0007840446905473612,0.0033214709371293,0.004847257529406695,0.825,2,3300,0.0008178158027176649,0.001132360342224459,0.0010694514343231002,15896
1,20407,37953,47898,0.0007840446905473612,0.0033725924169367375,0.00496889222932064,0.9,2,3300,0.0008178158027176649,0.001132360342224459,0.0010694514343231002,15896
2,20407,37953,49476,0.0007840446905473612,0.0033725924169367375,0.004790201309725928,0.9,2,3300,0.0008178158027176649,0.001132360342224459,0.0010694514343231002,15896
0,20407,37953,53447,0.0007840446905473612,0.0033462440386794194,0.004995603120848691,0.95,2,3400,0.0008178158027176649,0.001132360342224459,0.0010694514343231002,15896
1,20407,37953,53447,0.0007840446905473612,0.0033462440386794194,0.004995603120848691,0.95,2,3400,0.0008178158027176649,0.001132360342224459,0.0010694514343231002,15896
2,20407,37953,53447,0.0007840446905473612,0.0033462440386794194,0.004995603120848691,0.95,2,3400,0.0008178158027176649,0.001132360342224459,0.0010694514343231002,15896
0,20781,38775,53447,0.0007699340743948799,0.0032495164410058027,0.004995603120848691,0.975,2,3500,0.0008107770986653361,0.00112261444430585,0.0010602469751777473,16034
1,22744,37953,58798,0.0007474498768906085,0.0033462440386794194,0.005034184836218919,0.975,2,3500,0.0007628212651097289,0.0011148926182372961,0.0010562140593827016,17042
2,20407,37953,53510,0.0007840446905473612,0.0033462440386794194,0.005139226312838722,0.975,2,3500,0.0008178158027176649,0.001132360342224459,0.0010694514343231002,15896
0,26701,38822,67788,0.00078648739747575,0.0032455824017309774,0.00497138136543341,0.975,2,3600,0.0006850320497137545,0.0010764789352644714,0.0010275480745706317,20437
1,26701,38822,67788,0.00078648739747575,0.0032455824017309774,0.00497138136543341,0.975,2,3600,0.0006850320497137545,0.0010764789352644714,0.0010275480745706317,20437
2,26701,38822,67788,0.00078648739747575,0.0032455824017309774,0.00497138136543341,0.975,2,3600,0.0006850320497137545,0.0010764789352644714,0.0010275480745706317,20437
0,26701,38822,67788,0.0008239391783079285,0.0032455824017309774,0.00497138136543341,0.975,2,3700,0.0006850320497137545,0.0010764789352644714,0.0010275480745706317,20437
1,27684,38822,75909,0.0011559023262534315,0.0032455824017309774,0.004887431002911381,0.975,2,3700,0.0011671335200746965,0.001027077497665733,0.0014005602240896359,21420
2,26701,38822,67789,0.00078648739747575,0.0032455824017309774,0.004986059685199664,0.975,2,3700,0.0006850320497137545,0.0010764789352644714,0.0010275480745706317,20437
0,27701,38822,80617,0.001191292733114328,0.0032455824017309774,0.0048873066474813005,0.975,2,3800,0.0011662079582031068,0.001026263003218734,0.0013994495498437281,21437
1,27701,38822,80617,0.001191292733114328,0.0032455824017309774,0.0048873066474813005,0.975,2,3800,0.0011662079582031068,0.001026263003218734,0.0013994495498437281,21437
2,27701,38822,80617,0.001191292733114328,0.0032455824017309774,0.0048873066474813005,0.975,2,3800,0.0011662079582031068,0.001026263003218734,0.0013994495498437281,21437
0,27701,38822,80617,0.001191292733114328,0.0032455824017309774,0.0048873066474813005,0.975,2,3900,0.0011662079582031068,0.001026263003218734,0.0013994495498437281,21437
1,27701,38822,88262,0.001191292733114328,0.0032455824017309774,0.004667920509392491,0.975,2,3900,0.0011662079582031068,0.001026263003218734,0.0013994495498437281,21437
2,27701,38822,80617,0.001191292733114328,0.0032455824017309774,0.0048873066474813005,0.975,2,3900,0.0011662079582031068,0.001026263003218734,0.0013994495498437281,21437
0,27701,38822,91094,0.001191292733114328,0.0032455824017309774,0.004654532680527806,0.975,2,4000,0.0011662079582031068,0.001026263003218734,0.0013994495498437281,21437
1,27701,38822,91094,0.001191292733114328,0.0032455824017309774,0.004654532680527806,0.975,2,4000,0.0011662079582031068,0.001026263003218734,0.0013994495498437281,21437
2,27701,38822,91094,0.001191292733114328,0.0032455824017309774,0.004654532680527806,0.975,2,4000,0.0011662079582031068,0.001026263003218734,0.0013994495498437281,21437
0,27701,38822,91094,0.001191292733114328,0.0032455824017309774,0.004654532680527806,0.975,2,4100,0.0011662079582031068,0.001026263003218734,0.0013994495498437281,21437
1,27701,38822,94572,0.001191292733114328,0.0032455824017309774,0.004694835680751174,0.975,2,4100,0.0011662079582031068,0.001026263003218734,0.0013994495498437281,21437
2,27701,38822,91094,0.001191292733114328,0.0032455824017309774,0.004654532680527806,0.975,2,4100,0.0011662079582031068,0.001026263003218734,0.0013994495498437281,21437
0,27702,38822,95105,0.0012273482059057107,0.0032455824017309774,0.004920876925503391,0.975,2,4200,0.0011662079582031068,0.001026263003218734,0.0013994495498437281,21437
1,27702,38822,95105,0.0012273482059057107,0.0032455824017309774,0.004920876925503391,0.975,2,4200,0.0011662079582031068,0.001026263003218734,0.0013994495498437281,21437
2,27702,38822,95105,0.0012273482059057107,0.0032455824017309774,0.004920876925503391,0.975,2,4200,0.0011662079582031068,0.001026263003218734,0.0013994495498437281,21437
0,1320,532,1339,0.0,0.0,0.0,0.0,7,0,0.0,0.0,0.0,316
1,1320,532,1339,0.0,0.0,0.0,0.0,7,0,0.0,0.0,0.0,316
2,1320,532,1339,0.0,0.0,0.0,0.0,7,0,0.0,0.0,0.0,316
0,4268,3283,1339,0.0,0.0,0.0,0.0,7,100,0.0,0.0,0.0,1257
1,3728,532,3603,0.0,0.0,0.0,0.0,7,100,0.0,0.0,0.0,532
2,1320,1493,3312,0.0,0.0,0.00030193236714975844,0.0,7,100,0.0,0.0,0.0,813
0,23558,8182,8726,0.001655488581373631,0.00036665851869958444,0.0005730002292000917,0.0,7,200,0.000380517503805175,0.000380517503805175,0.0005073566717402334,7884
1,23558,8182,8726,0.001655488581373631,0.00036665851869958444,0.0005730002292000917,0.0,7,200,0.000380517503805175,0.000380517503805175,0.0005073566717402334,7884
2,23558,8182,8726,0.001655488581373631,0.00036665851869958444,0.0005730002292000917,0.0,7,200,0.000380517503805175,0.000380517503805175,0.0005073566717402334,7884
0,24153,8409,8726,0.007162671303771788,0.00035676061362825543,0.0005730002292000917,0.05,7,300,0.000380517503805175,0.000380517503805175,0.0005073566717402334,7884
1,24476,8182,8726,0.007190717437489786,0.00036665851869958444,0.0005730002292000917,0.05,7,300,0.000380517503805175,0.000380517503805175,0.0005073566717402334,7884
2,23558,8182,8726,0.001655488581373631,0.00036665851869958444,0.0005730002292000917,0.05,7,300,0.000380517503805175,0.000380517503805175,0.0005073566717402334,7884
0,24205,8413,8726,0.007271224953522,0.00035659099013431595,0.0005730002292000917,0.05,7,400,0.000380517503805175,0.000380517503805175,0.0005073566717402334,7884
1,36142,8413,8728,0.0005810414476232638,0.00035659099013431595,0.0005728689275893675,0.075,7,400,0.000380420999239158,0.000380420999239158,0.000507227998985544,7886
2,36142,8413,8728,0.0005810414476232638,0.00035659099013431595,0.0005728689275893675,0.075,7,400,0.000380420999239158,0.000380420999239158,0.000507227998985544,7886
0,24205,8413,8726,0.007271224953522,0.00035659099013431595,0.0005730002292000917,0.05,7,500,0.000380517503805175,0.000380517503805175,0.0005073566717402334,7884
1,37588,8413,9203,0.000691710120251144,0.00035659099013431595,0.0005433010974682169,0.075,7,500,0.00036483035388544326,0.00036483035388544326,0.0004864404718472577,8223
2,36142,8413,8728,0.0005810414476232638,0.00035659099013431595,0.0005728689275893675,0.075,7,500,0.000380420999239158,0.000380420999239158,0.000507227998985544,7886
0,37772,8413,9204,0.001006036217303823,0.00035659099013431595,0.0005432420686657974,0.125,7,600,0.00036483035388544326,0.00036483035388544326,0.0004864404718472577,8223
1,37772,8413,9204,0.001006036217303823,0.00035659099013431595,0.0005432420686657974,0.125,7,600,0.00036483035388544326,0.00036483035388544326,0.0004864404718472577,8223
2,36142,8413,8728,0.0005810414476232638,0.00035659099013431595,0.0005728689275893675,0.1,7,600,0.000380420999239158,0.000380420999239158,0.000507227998985544,7886
0,37776,8413,9204,0.0010059296908089793,0.00035659099013431595,0.0005432420686657974,0.125,7,700,0.00036483035388544326,0.00036483035388544326,0.0004864404718472577,8223
1,39446,8413,9660,0.0009633422907265629,0.00035659099013431595,0.0005175983436853002,0.15,7,700,0.00036483035388544326,0.00036483035388544326,0.0004864404718472577,8223
2,36142,8413,8728,0.0005810414476232638,0.00035659099013431595,0.0005728689275893675,0.125,7,700,0.000380420999239158,0.000380420999239158,0.000507227998985544,7886
0,39710,8413,9386,0.0009569377990430622,0.00035659099013431595,0.000532708288940976,0.225,7,800,0.00036483035388544326,0.00036483035388544326,0.0004864404718472577,8223
1,39710,8413,9853,0.0009569377990430622,0.00035659099013431595,0.0005074596569572719,0.225,7,800,0.00036483035388544326,0.00036483035388544326,0.0004864404718472577,8223
2,38580,8413,9853,0.0009849663037843441,0.00035659099013431595,0.0005074596569572719,0.225,7,800,0.00036483035388544326,0.00036483035388544326,0.0004864404718472577,8223
0,39710,8413,9386,0.0009569377990430622,0.00035659099013431595,0.000532708288940976,0.275,7,900,0.00036483035388544326,0.00036483035388544326,0.0004864404718472577,8223
1,39710,8413,9853,0.0009569377990430622,0.00035659099013431595,0.0005074596569572719,0.275,7,900,0.00036483035388544326,0.00036483035388544326,0.0004864404718472577,8223
2,38580,8413,9853,0.0009849663037843441,0.00035659099013431595,0.0005074596569572719,0.25,7,900,0.00036483035388544326,0.00036483035388544326,0.0004864404718472577,8223
0,39710,8413,9386,0.0009569377990430622,0.00035659099013431595,0.000532708288940976,0.325,7,1000,0.00036483035388544326,0.00036483035388544326,0.0004864404718472577,8223
1,39710,8413,9853,0.0009569377990430622,0.00035659099013431595,0.0005074596569572719,0.325,7,1000,0.00036483035388544326,0.00036483035388544326,0.0004864404718472577,8223
2,38580,8413,9853,0.0009849663037843441,0.00035659099013431595,0.0005074596569572719,0.275,7,1000,0.00036483035388544326,0.00036483035388544326,0.0004864404718472577,8223
0,39710,8413,9386,0.0009569377990430622,0.00035659099013431595,0.000532708288940976,0.325,7,1100,0.00036483035388544326,0.00036483035388544326,0.0004864404718472577,8223
1,39710,8413,9853,0.0009569377990430622,0.00035659099013431595,0.0005074596569572719,0.325,7,1100,0.00036483035388544326,0.00036483035388544326,0.0004864404718472577,8223
2,38580,8413,9853,0.0009849663037843441,0.00035659099013431595,0.0005074596569572719,0.3,7,1100,0.00036483035388544326,0.00036483035388544326,0.0004864404718472577,8223
0,39710,8413,9386,0.0009569377990430622,0.00035659099013431595,0.000532708288940976,0.375,7,1200,0.00036483035388544326,0.00036483035388544326,0.0004864404718472577,8223
1,39710,8413,9853,0.0009569377990430622,0.00035659099013431595,0.0005074596569572719,0.375,7,1200,0.00036483035388544326,0.00036483035388544326,0.0004864404718472577,8223
2,38580,8413,9853,0.0009849663037843441,0.00035659099013431595,0.0005074596569572719,0.3,7,1200,0.00036483035388544326,0.00036483035388544326,0.0004864404718472577,8223
0,39710,8413,9386,0.0009569377990430622,0.00035659099013431595,0.000532708288940976,0.425,7,1300,0.00036483035388544326,0.00036483035388544326,0.0004864404718472577,8223
1,39725,8413,9853,0.0009565764631843927,0.00035659099013431595,0.0005074596569572719,0.425,7,1300,0.00036483035388544326,0.00036483035388544326,0.0004864404718472577,8223
2,38580,8413,9853,0.0009849663037843441,0.00035659099013431595,0.0005074596569572719,0.3,7,1300,0.00036483035388544326,0.00036483035388544326,0.0004864404718472577,8223
0,41739,8413,9386,0.0009343779199309998,0.00035659099013431595,0.000532708288940976,0.475,7,1400,0.00036483035388544326,0.00036483035388544326,0.0004864404718472577,8223
1,41739,8413,9853,0.0009343779199309998,0.00035659099013431595,0.0005074596569572719,0.475,7,1400,0.00036483035388544326,0.00036483035388544326,0.0004864404718472577,8223
2,38580,8413,9853,0.0009849663037843441,0.00035659099013431595,0.0005074596569572719,0.3,7,1400,0.00036483035388544326,0.00036483035388544326,0.0004864404718472577,8223
0,41739,8413,9386,0.0009343779199309998,0.00035659099013431595,0.000532708288940976,0.5,7,1500,0.00036483035388544326,0.00036483035388544326,0.0004864404718472577,8223
1,46443,8413,9853,0.001162715586848395,0.00035659099013431595,0.0005074596569572719,0.5,7,1500,0.00036483035388544326,0.00036483035388544326,0.0004864404718472577,8223
2,38580,8413,9853,0.0009849663037843441,0.00035659099013431595,0.0005074596569572719,0.3,7,1500,0.00036483035388544326,0.00036483035388544326,0.0004864404718472577,8223
0,48937,8413,9386,0.001961705866726608,0.00035659099013431595,0.000532708288940976,0.525,7,1600,0.00036483035388544326,0.00036483035388544326,0.0004864404718472577,8223
1,48937,8413,9853,0.001961705866726608,0.00035659099013431595,0.0005074596569572719,0.525,7,1600,0.00036483035388544326,0.00036483035388544326,0.0004864404718472577,8223
2,38580,8413,9853,0.0009849663037843441,0.00035659099013431595,0.0005074596569572719,0.3,7,1600,0.00036483035388544326,0.00036483035388544326,0.0004864404718472577,8223
0,48937,8413,9386,0.001961705866726608,0.00035659099013431595,0.000532708288940976,0.525,7,1700,0.00036483035388544326,0.00036483035388544326,0.0004864404718472577,8223
1,48985,8413,9853,0.001939369194651424,0.00035659099013431595,0.0005074596569572719,0.55,7,1700,0.00036483035388544326,0.00036483035388544326,0.0004864404718472577,8223
2,38580,8413,9853,0.0009849663037843441,0.00035659099013431595,0.0005074596569572719,0.325,7,1700,0.00036483035388544326,0.00036483035388544326,0.0004864404718472577,8223
0,48937,8413,9386,0.001961705866726608,0.00035659099013431595,0.000532708288940976,0.525,7,1800,0.00036483035388544326,0.00036483035388544326,0.0004864404718472577,8223
1,48987,8413,9889,0.0018984628574928043,0.00035659099013431595,0.0005056122964910507,0.575,7,1800,0.00036483035388544326,0.00036483035388544326,0.0004864404718472577,8223
2,41044,8413,9889,0.0010720202709287594,0.00035659099013431595,0.0005056122964910507,0.575,7,1800,0.00036483035388544326,0.00036483035388544326,0.0004864404718472577,8223
0,48937,8413,9386,0.001961705866726608,0.00035659099013431595,0.000532708288940976,0.55,7,1900,0.00036483035388544326,0.00036483035388544326,0.0004864404718472577,8223
1,48987,8413,13586,0.0018984628574928043,0.00035659099013431595,0.0015457088179007801,0.575,7,1900,0.00036483035388544326,0.00036483035388544326,0.0004864404718472577,8223
2,41044,8413,9889,0.0010720202709287594,0.00035659099013431595,0.0005056122964910507,0.575,7,1900,0.00036483035388544326,0.00036483035388544326,0.0004864404718472577,8223
0,48937,8413,9386,0.001961705866726608,0.00035659099013431595,0.000532708288940976,0.55,7,2000,0.00036483035388544326,0.00036483035388544326,0.0004864404718472577,8223
1,48987,8413,22621,0.0018984628574928043,0.00035659099013431595,0.003315503293399938,0.575,7,2000,0.00036483035388544326,0.00036483035388544326,0.0004864404718472577,8223
2,41044,8413,9889,0.0010720202709287594,0.00035659099013431595,0.0005056122964910507,0.625,7,2000,0.00036483035388544326,0.00036483035388544326,0.0004864404718472577,8223
0,48937,8413,9386,0.001961705866726608,0.00035659099013431595,0.000532708288940976,0.55,7,2100,0.00036483035388544326,0.00036483035388544326,0.0004864404718472577,8223
1,48987,8413,25320,0.0018984628574928043,0.00035659099013431595,0.00485781990521327,0.625,7,2100,0.00036483035388544326,0.00036483035388544326,0.0004864404718472577,8223
2,41044,8413,9889,0.0010720202709287594,0.00035659099013431595,0.0005056122964910507,0.65,7,2100,0.00036483035388544326,0.00036483035388544326,0.0004864404718472577,8223
0,48937,8413,9386,0.001961705866726608,0.00035659099013431595,0.000532708288940976,0.55,7,2200,0.00036483035388544326,0.00036483035388544326,0.0004864404718472577,8223
1,48987,8413,30014,0.0018984628574928043,0.00035659099013431595,0.008229492903311788,0.625,7,2200,0.00036483035388544326,0.00036483035388544326,0.0004864404718472577,8223
2,41044,8413,9889,0.0010720202709287594,0.00035659099013431595,0.0005056122964910507,0.65,7,2200,0.00036483035388544326,0.00036483035388544326,0.0004864404718472577,8223
0,49280,8413,9386,0.001948051948051948,0.00035659099013431595,0.000532708288940976,0.55,7,2300,0.00036483035388544326,0.00036483035388544326,0.0004864404718472577,8223
1,48987,8413,34076,0.0018984628574928043,0.00035659099013431595,0.010359197088860194,0.65,7,2300,0.00036483035388544326,0.00036483035388544326,0.0004864404718472577,8223
2,41044,8413,9889,0.0010720202709287594,0.00035659099013431595,0.0005056122964910507,0.675,7,2300,0.00036483035388544326,0.00036483035388544326,0.0004864404718472577,8223
0,49281,8413,9386,0.0019480124185791683,0.00035659099013431595,0.000532708288940976,0.55,7,2400,0.00036483035388544326,0.00036483035388544326,0.0004864404718472577,8223
1,48987,8413,34333,0.0018984628574928043,0.00035659099013431595,0.012407887455218012,0.75,7,2400,0.00036483035388544326,0.00036483035388544326,0.0004864404718472577,8223
2,41044,8413,34333,0.0010720202709287594,0.00035659099013431595,0.012407887455218012,0.75,7,2400,0.00036483035388544326,0.00036483035388544326,0.0004864404718472577,8223
0,49281,8413,9386,0.0019480124185791683,0.00035659099013431595,0.000532708288940976,0.55,7,2500,0.00036483035388544326,0.00036483035388544326,0.0004864404718472577,8223
1,48987,8413,34334,0.0018984628574928043,0.00035659099013431595,0.01211626958699831,0.75,7,2500,0.00036483035388544326,0.00036483035388544326,0.0004864404718472577,8223
2,41044,8413,34333,0.0010720202709287594,0.00035659099013431595,0.012407887455218012,0.75,7,2500,0.00036483035388544326,0.00036483035388544326,0.0004864404718472577,8223
0,49281,8413,9853,0.0019480124185791683,0.00035659099013431595,0.0005074596569572719,0.825,7,2600,0.00036483035388544326,0.00036483035388544326,0.0004864404718472577,8223
1,48987,8413,34334,0.0018984628574928043,0.00035659099013431595,0.01211626958699831,0.775,7,2600,0.00036483035388544326,0.00036483035388544326,0.0004864404718472577,8223
2,49331,8413,34334,0.0018852243011493787,0.00035659099013431595,0.01211626958699831,0.825,7,2600,0.00036483035388544326,0.00036483035388544326,0.0004864404718472577,8223
0,49281,8413,9853,0.0019480124185791683,0.00035659099013431595,0.0005074596569572719,0.825,7,2700,0.00036483035388544326,0.00036483035388544326,0.0004864404718472577,8223
1,48987,8413,34334,0.0018984628574928043,0.00035659099013431595,0.01211626958699831,0.8,7,2700,0.00036483035388544326,0.00036483035388544326,0.0004864404718472577,8223
2,49331,8413,34334,0.0018852243011493787,0.00035659099013431595,0.01211626958699831,0.85,7,2700,0.00036483035388544326,0.00036483035388544326,0.0004864404718472577,8223
0,49281,10017,9853,0.0019480124185791683,0.0002994908655286014,0.0005074596569572719,0.85,7,2800,0.00036483035388544326,0.00036483035388544326,0.0004864404718472577,8223
1,48987,8413,34334,0.0018984628574928043,0.00035659099013431595,0.01211626958699831,0.85,7,2800,0.00036483035388544326,0.00036483035388544326,0.0004864404718472577,8223
2,49331,10017,34334,0.0018852243011493787,0.0002994908655286014,0.01211626958699831,0.85,7,2800,0.00036483035388544326,0.00036483035388544326,0.0004864404718472577,8223
0,49281,16451,9853,0.0019480124185791683,0.0013373047231171357,0.0005074596569572719,0.875,7,2900,0.00036483035388544326,0.00036483035388544326,0.0004864404718472577,8223
1,48987,8413,34334,0.0018984628574928043,0.00035659099013431595,0.01211626958699831,0.85,7,2900,0.00036483035388544326,0.00036483035388544326,0.0004864404718472577,8223
2,49331,10072,34334,0.0018852243011493787,0.00029785544082605245,0.01211626958699831,0.875,7,2900,0.00036483035388544326,0.00036483035388544326,0.0004864404718472577,8223
0,49281,22589,9853,0.0019480124185791683,0.0035415467705520384,0.0005074596569572719,0.9,7,3000,0.00036483035388544326,0.00036483035388544326,0.0004864404718472577,8223
1,48987,8413,34361,0.0018984628574928043,0.00035659099013431595,0.012252262739734001,0.85,7,3000,0.00036483035388544326,0.00036483035388544326,0.0004864404718472577,8223
2,49331,22589,34334,0.0018852243011493787,0.0035415467705520384,0.01211626958699831,0.9,7,3000,0.00036483035388544326,0.00036483035388544326,0.0004864404718472577,8223
0,49858,24060,9853,0.001925468330057363,0.004156275976724855,0.0005074596569572719,0.925,7,3100,0.00036483035388544326,0.00036483035388544326,0.0004864404718472577,8223
1,48987,8413,34560,0.0018984628574928043,0.00035659099013431595,0.013657407407407408,0.85,7,3100,0.00036483035388544326,0.00036483035388544326,0.0004864404718472577,8223
2,49331,22589,34334,0.0018852243011493787,0.0035415467705520384,0.01211626958699831,0.925,7,3100,0.00036483035388544326,0.00036483035388544326,0.0004864404718472577,8223
0,49953,24060,9853,0.0019218064981082216,0.004156275976724855,0.0005074596569572719,0.95,7,3200,0.00036483035388544326,0.00036483035388544326,0.0004864404718472577,8223
1,48987,8413,34644,0.0018984628574928043,0.00035659099013431595,0.015211869299157141,0.875,7,3200,0.00036483035388544326,0.00036483035388544326,0.0004864404718472577,8223
2,49331,22589,34334,0.0018852243011493787,0.0035415467705520384,0.01211626958699831,0.95,7,3200,0.00036483035388544326,0.00036483035388544326,0.0004864404718472577,8223
0,53538,25236,9853,0.0022787552766259478,0.003962593120938342,0.0005074596569572719,0.95,7,3300,0.00036483035388544326,0.00036483035388544326,0.0004864404718472577,8223
1,48987,8413,34707,0.0018984628574928043,0.00035659099013431595,0.015299507304002074,0.875,7,3300,0.00036483035388544326,0.00036483035388544326,0.0004864404718472577,8223
2,49331,22589,34334,0.0018852243011493787,0.0035415467705520384,0.01211626958699831,0.95,7,3300,0.00036483035388544326,0.00036483035388544326,0.0004864404718472577,8223
0,1319,532,1341,0.0,0.0,0.0,0.0,13,0,0.0,0.0,0.0,316
1,1319,532,1341,0.0,0.0,0.0,0.0,13,0,0.0,0.0,0.0,316
2,1319,532,1341,0.0,0.0,0.0,0.0,13,0,0.0,0.0,0.0,316
0,4269,3286,1341,0.0,0.0,0.0,0.05,13,100,0.0,0.0,0.0,1262
1,3506,532,4232,0.0,0.0,0.00023629489603024575,0.05,13,100,0.0,0.0,0.0,532
2,1319,1651,3445,0.0,0.0,0.0,0.05,13,100,0.0,0.0,0.0,865
0,14121,9261,16042,0.0016287798314566957,0.0,0.00211943647924199,0.075,13,200,0.0022905759162303663,0.0,0.002181500872600349,9168
1,14121,9261,16042,0.0016287798314566957,0.0,0.00211943647924199,0.075,13,200,0.0022905759162303663,0.0,0.002181500872600349,9168
2,14121,9261,16042,0.0016287798314566957,0.0,0.00211943647924199,0.075,13,200,0.0022905759162303663,0.0,0.002181500872600349,9168
0,14862,10003,16042,0.0015475709864082895,9.997000899730081e-05,0.00211943647924199,0.075,13,300,0.0021214264067077482,0.00010102030508132135,0.0021214264067077482,9899
1,14121,9261,19101,0.0016287798314566957,0.0,0.0029317836762473167,0.075,13,300,0.0022905759162303663,0.0,0.002181500872600349,9168
2,14121,10436,16827,0.0016287798314566957,9.582215408202377e-05,0.001901705592203007,0.075,13,300,0.002112888620585572,0.00010061374383740819,0.0018110473890733474,9939
0,15763,20622,22854,0.0014591131129861067,4.849190185239065e-05,0.00420057757941717,0.1,13,400,0.0016017473607571897,7.28066982162359e-05,0.0014561339643247178,13735
1,15763,20622,22854,0.0014591131129861067,4.849190185239065e-05,0.00420057757941717,0.1,13,400,0.0016017473607571897,7.28066982162359e-05,0.0014561339643247178,13735
2,15763,20622,22854,0.0014591131129861067,4.849190185239065e-05,0.00420057757941717,0.1,13,400,0.0016017473607571897,7.28066982162359e-05,0.0014561339643247178,13735
0,15763,20622,22854,0.0014591131129861067,4.849190185239065e-05,0.00420057757941717,0.15,13,500,0.0016017473607571897,7.28066982162359e-05,0.0014561339643247178,13735
1,16736,20622,22870,0.001374282982791587,4.849190185239065e-05,0.00419763882815916,0.15,13,500,0.0016003491670910017,7.27431439586819e-05,0.0014548628791736379,13747
2,15763,23332,22862,0.0014591131129861067,8.571918395336877e-05,0.004199107689615957,0.15,13,500,0.0016008149603434477,7.276431637924761e-05,0.0014552863275849523,13743
0,18004,32374,22878,0.0012774938902466119,9.266695496385988e-05,0.004196170993968004,0.175,13,600,0.0015994183933115231,7.270083605961468e-05,0.0014540167211922936,13755
1,16973,28711,22878,0.0013550933836092617,6.965971230538818e-05,0.004196170993968004,0.175,13,600,0.0015994183933115231,7.270083605961468e-05,0.0014540167211922936,13755
2,18004,32374,22878,0.0012774938902466119,9.266695496385988e-05,0.004196170993968004,0.175,13,600,0.0015994183933115231,7.270083605961468e-05,0.0014540167211922936,13755
0,18004,32380,22878,0.0012774938902466119,9.26497838171711e-05,0.004196170993968004,0.2,13,700,0.0015994183933115231,7.270083605961468e-05,0.0014540167211922936,13755
1,16973,28711,22878,0.0013550933836092617,6.965971230538818e-05,0.004196170993968004,0.225,13,700,0.0015994183933115231,7.270083605961468e-05,0.0014540167211922936,13755
2,18004,40697,22878,0.0012774938902466119,0.00012285917880924883,0.004196170993968004,0.225,13,700,0.0015994183933115231,7.270083605961468e-05,0.0014540167211922936,13755
0,18004,45498,22878,0.0012774938902466119,0.00048353773792254607,0.004196170993968004,0.3,13,800,0.0015994183933115231,7.270083605961468e-05,0.0014540167211922936,13755
1,18004,45498,22878,0.0012774938902466119,0.00048353773792254607,0.004196170993968004,0.3,13,800,0.0015994183933115231,7.270083605961468e-05,0.0014540167211922936,13755
2,18004,45498,22878,0.0012774938902466119,0.00048353773792254607,0.004196170993968004,0.3,13,800,0.0015994183933115231,7.270083605961468e-05,0.0014540167211922936,13755
0,18004,45499,22878,0.0012774938902466119,0.0005274841205301215,0.004196170993968004,0.4,13,900,0.0015994183933115231,7.270083605961468e-05,0.0014540167211922936,13755
1,18004,45498,22878,0.0012774938902466119,0.00048353773792254607,0.004196170993968004,0.4,13,900,0.0015994183933115231,7.270083605961468e-05,0.0014540167211922936,13755
2,18004,52238,22878,0.0012774938902466119,0.0003254335924039971,0.004196170993968004,0.375,13,900,0.0015994183933115231,7.270083605961468e-05,0.0014540167211922936,13755
0,18004,52422,22878,0.0012774938902466119,0.0008774941818320552,0.004196170993968004,0.425,13,1000,0.0015994183933115231,7.270083605961468e-05,0.0014540167211922936,13755
1,18004,45499,22878,0.0012774938902466119,0.0005934196355963867,0.004196170993968004,0.425,13,1000,0.0015994183933115231,7.270083605961468e-05,0.0014540167211922936,13755
2,18004,52422,22878,0.0012774938902466119,0.0008774941818320552,0.004196170993968004,0.425,13,1000,0.0015994183933115231,7.270083605961468e-05,0.0014540167211922936,13755
0,18004,52535,22878,0.0012774938902466119,0.0008565718092700105,0.004196170993968004,0.45,13,1100,0.0015994183933115231,7.270083605961468e-05,0.0014540167211922936,13755
1,18004,45499,22878,0.0012774938902466119,0.0005934196355963867,0.004196170993968004,0.425,13,1100,0.0015994183933115231,7.270083605961468e-05,0.0014540167211922936,13755
2,18004,52422,22878,0.0012774938902466119,0.0008965701423066651,0.004196170993968004,0.45,13,1100,0.0015994183933115231,7.270083605961468e-05,0.0014540167211922936,13755
0,18004,53035,22878,0.0012774938902466119,0.0011124728952578485,0.004196170993968004,0.525,13,1200,0.0015994183933115231,7.270083605961468e-05,0.0014540167211922936,13755
1,18004,45502,22878,0.0012774938902466119,0.0006153575667003648,0.004196170993968004,0.525,13,1200,0.0015994183933115231,7.270083605961468e-05,0.0014540167211922936,13755
2,18004,53035,22878,0.0012774938902466119,0.0011124728952578485,0.004196170993968004,0.525,13,1200,0.0015994183933115231,7.270083605961468e-05,0.0014540167211922936,13755
0,18004,53035,22878,0.0012774938902466119,0.001282172150466673,0.004196170993968004,0.55,13,1300,0.0015994183933115231,7.270083605961468e-05,0.0014540167211922936,13755
1,18004,45502,22878,0.0012774938902466119,0.0006153575667003648,0.004196170993968004,0.55,13,1300,0.0015994183933115231,7.270083605961468e-05,0.0014540167211922936,13755
2,18004,53035,22878,0.0012774938902466119,0.001131328368058829,0.004196170993968004,0.525,13,1300,0.0015994183933115231,7.270083605961468e-05,0.0014540167211922936,13755
0,18004,53397,22878,0.0012774938902466119,0.0013671180028840572,0.004196170993968004,0.55,13,1400,0.0015994183933115231,7.270083605961468e-05,0.0014540167211922936,13755
1,18004,53397,22878,0.0012774938902466119,0.0013671180028840572,0.004196170993968004,0.55,13,1400,0.0015994183933115231,7.270083605961468e-05,0.0014540167211922936,13755
2,18004,53397,22878,0.0012774938902466119,0.0013671180028840572,0.004196170993968004,0.55,13,1400,0.0015994183933115231,7.270083605961468e-05,0.0014540167211922936,13755
0,18004,53397,22878,0.0012774938902466119,0.0014420285783845535,0.004196170993968004,0.575,13,1500,0.0015994183933115231,7.270083605961468e-05,0.0014540167211922936,13755
1,18004,53397,22878,0.0012774938902466119,0.0013671180028840572,0.004196170993968004,0.575,13,1500,0.0015994183933115231,7.270083605961468e-05,0.0014540167211922936,13755
2,18004,55285,22878,0.0012774938902466119,0.0015555756534322148,0.004196170993968004,0.575,13,1500,0.0015994183933115231,7.270083605961468e-05,0.0014540167211922936,13755
0,18004,56489,22878,0.0012774938902466119,0.0019118766485510454,0.004196170993968004,0.575,13,1600,0.0015994183933115231,7.270083605961468e-05,0.0014540167211922936,13755
1,18004,53397,22878,0.0012774938902466119,0.0013671180028840572,0.004196170993968004,0.575,13,1600,0.0015994183933115231,7.270083605961468e-05,0.0014540167211922936,13755
2,18004,56489,22878,0.0012774938902466119,0.0019118766485510454,0.004196170993968004,0.575,13,1600,0.0015994183933115231,7.270083605961468e-05,0.0014540167211922936,13755
0,18004,56668,22878,0.0012774938902466119,0.0020470106585727395,0.004196170993968004,0.575,13,1700,0.0015994183933115231,7.270083605961468e-05,0.0014540167211922936,13755
1,18004,53397,22878,0.0012774938902466119,0.0013671180028840572,0.004196170993968004,0.6,13,1700,0.0015994183933115231,7.270083605961468e-05,0.0014540167211922936,13755
2,18004,56666,22878,0.0012774938902466119,0.0019059047753502982,0.004196170993968004,0.575,13,1700,0.0015994183933115231,7.270083605961468e-05,0.0014540167211922936,13755
0,18004,60914,24142,0.0012774938902466119,0.002560987621893161,0.003976472537486538,0.65,13,1800,0.0015994183933115231,7.270083605961468e-05,0.0014540167211922936,13755
1,18004,53397,22878,0.0012774938902466119,0.0013671180028840572,0.004196170993968004,0.65,13,1800,0.0015994183933115231,7.270083605961468e-05,0.0014540167211922936,13755
2,18004,60914,24142,0.0012774938902466119,0.002560987621893161,0.003976472537486538,0.65,13,1800,0.0015994183933115231,7.270083605961468e-05,0.0014540167211922936,13755
0,21046,62898,24142,0.0010928442459374704,0.0025279023180387293,0.003976472537486538,0.65,13,1900,0.001569522722408504,7.134194192765928e-05,0.0014268388385531854,14017
1,18004,53397,22878,0.0012774938902466119,0.0013671180028840572,0.004196170993968004,0.65,13,1900,0.0015994183933115231,7.270083605961468e-05,0.0014540167211922936,13755
2,18004,60914,24199,0.0012774938902466119,0.002560987621893161,0.003967106078763586,0.65,13,1900,0.0015994183933115231,7.270083605961468e-05,0.0014540167211922936,13755
0,21933,62934,24199,0.0013222085442027994,0.0025582356119108907,0.003967106078763586,0.7,13,2000,0.0015689630580516332,7.13165026387106e-05,0.001426330052774212,14022
1,18004,53397,22878,0.0012774938902466119,0.0013671180028840572,0.004196170993968004,0.65,13,2000,0.0015994183933115231,7.270083605961468e-05,0.0014540167211922936,13755
2,21933,62934,24199,0.0013222085442027994,0.0025582356119108907,0.003967106078763586,0.7,13,2000,0.0015689630580516332,7.13165026387106e-05,0.001426330052774212,14022
0,21933,63022,24199,0.0013222085442027994,0.0025546634508584304,0.003967106078763586,0.7,13,2100,0.0015689630580516332,7.13165026387106e-05,0.001426330052774212,14022
1,18004,53397,22878,0.0012774938902466119,0.0013671180028840572,0.004196170993968004,0.65,13,2100,0.0015994183933115231,7.270083605961468e-05,0.0014540167211922936,13755
2,21933,62934,24199,0.0013222085442027994,0.0025582356119108907,0.003967106078763586,0.7,13,2100,0.0015689630580516332,7.13165026387106e-05,0.001426330052774212,14022
0,21933,63086,24199,0.0013222085442027994,0.0026154772849760646,0.003967106078763586,0.7,13,2200,0.0015689630580516332,7.13165026387106e-05,0.001426330052774212,14022
1,18004,53397,22878,0.0012774938902466119,0.0013671180028840572,0.004196170993968004,0.675,13,2200,0.0015994183933115231,7.270083605961468e-05,0.0014540167211922936,13755
2,21933,62934,24199,0.0013222085442027994,0.0025582356119108907,0.003967106078763586,0.725,13,2200,0.0015689630580516332,7.13165026387106e-05,0.001426330052774212,14022
0,21933,64723,24199,0.0013222085442027994,0.002487523755079338,0.003967106078763586,0.7,13,2300,0.0015689630580516332,7.13165026387106e-05,0.001426330052774212,14022
1,18004,53397,22878,0.0012774938902466119,0.0013671180028840572,0.004196170993968004,0.675,13,2300,0.0015994183933115231,7.270083605961468e-05,0.0014540167211922936,13755
2,21933,62934,24199,0.0013222085442027994,0.0025582356119108907,0.003967106078763586,0.725,13,2300,0.0015689630580516332,7.13165026387106e-05,0.001426330052774212,14022
0,21933,66517,24199,0.0013222085442027994,0.0031119864094893033,0.003967106078763586,0.75,13,2400,0.0015689630580516332,7.13165026387106e-05,0.001426330052774212,14022
1,18004,53397,22878,0.0012774938902466119,0.0013671180028840572,0.004196170993968004,0.675,13,2400,0.0015994183933115231,7.270083605961468e-05,0.0014540167211922936,13755
2,21933,66517,24199,0.0013222085442027994,0.0031119864094893033,0.003967106078763586,0.75,13,2400,0.0015689630580516332,7.13165026387106e-05,0.001426330052774212,14022
0,21933,72569,24199,0.0013222085442027994,0.0029351375931871734,0.003967106078763586,0.75,13,2500,0.0015689630580516332,7.13165026387106e-05,0.001426330052774212,14022
1,18004,53397,22878,0.0012774938902466119,0.0013671180028840572,0.004196170993968004,0.675,13,2500,0.0015994183933115231,7.270083605961468e-05,0.0014540167211922936,13755
2,21933,66517,24199,0.0013222085442027994,0.0031119864094893033,0.003967106078763586,0.75,13,2500,0.0015689630580516332,7.13165026387106e-05,0.001426330052774212,14022
0,21933,76033,24199,0.0013222085442027994,0.003893046440361422,0.003967106078763586,0.775,13,2600,0.0015689630580516332,7.13165026387106e-05,0.001426330052774212,14022
1,18004,53397,22878,0.0012774938902466119,0.0013671180028840572,0.004196170993968004,0.675,13,2600,0.0015994183933115231,7.270083605961468e-05,0.0014540167211922936,13755
2,21933,76033,24199,0.0013222085442027994,0.003893046440361422,0.003967106078763586,0.775,13,2600,0.0015689630580516332,7.13165026387106e-05,0.001426330052774212,14022
0,21933,76180,24199,0.0013222085442027994,0.004161197164610134,0.003967106078763586,0.8,13,2700,0.0015689630580516332,7.13165026387106e-05,0.001426330052774212,14022
1,18004,53397,22878,0.0012774938902466119,0.0013671180028840572,0.004196170993968004,0.675,13,2700,0.0015994183933115231,7.270083605961468e-05,0.0014540167211922936,13755
2,21933,76033,24199,0.0013222085442027994,0.003893046440361422,0.003967106078763586,0.8,13,2700,0.0015689630580516332,7.13165026387106e-05,0.001426330052774212,14022
0,21933,76717,24199,0.0013222085442027994,0.004301523782212547,0.003967106078763586,0.875,13,2800,0.0015689630580516332,7.13165026387106e-05,0.001426330052774212,14022
1,21933,65922,22878,0.0013222085442027994,0.0037468523406450046,0.004196170993968004,0.875,13,2800,0.0015994183933115231,7.270083605961468e-05,0.0014540167211922936,13755
2,21933,76717,24199,0.0013222085442027994,0.004301523782212547,0.003967106078763586,0.825,13,2800,0.0015689630580516332,7.13165026387106e-05,0.001426330052774212,14022
0,21933,80060,24199,0.0013222085442027994,0.005083687234574069,0.003967106078763586,0.9,13,2900,0.0015689630580516332,7.13165026387106e-05,0.001426330052774212,14022
1,21933,65922,22878,0.0013222085442027994,0.0037468523406450046,0.004196170993968004,0.875,13,2900,0.0015994183933115231,7.270083605961468e-05,0.0014540167211922936,13755
2,21933,76717,24199,0.0013222085442027994,0.004301523782212547,0.003967106078763586,0.85,13,2900,0.0015689630580516332,7.13165026387106e-05,0.001426330052774212,14022
0,21933,87245,24199,0.0013222085442027994,0.005811221273425411,0.003967106078763586,0.9,13,3000,0.0015689630580516332,7.13165026387106e-05,0.001426330052774212,14022
1,21933,65922,22878,0.0013222085442027994,0.0038226995540183856,0.004196170993968004,0.9,13,3000,0.0015994183933115231,7.270083605961468e-05,0.0014540167211922936,13755
2,21933,87245,24199,0.0013222085442027994,0.005811221273425411,0.003967106078763586,0.9,13,3000,0.0015689630580516332,7.13165026387106e-05,0.001426330052774212,14022
0,22512,92940,24199,0.0012882018479033405,0.005907036797934151,0.003967106078763586,0.9,13,3100,0.0015202819431967382,6.910372469076083e-05,0.0013820744938152166,14471
1,21933,65922,22878,0.0013222085442027994,0.0038226995540183856,0.004196170993968004,0.9,13,3100,0.0015994183933115231,7.270083605961468e-05,0.0014540167211922936,13755
2,21933,87245,24199,0.0013222085442027994,0.005811221273425411,0.003967106078763586,0.9,13,3100,0.0015689630580516332,7.13165026387106e-05,0.001426330052774212,14022
0,29159,94144,24199,0.0014403786138070579,0.006596278042148199,0.003967106078763586,0.925,13,3200,0.0014592730167153091,6.633059166887768e-05,0.0013266118333775537,15076
1,29159,65922,22878,0.0014403786138070579,0.0038226995540183856,0.004196170993968004,0.925,13,3200,0.0015994183933115231,7.270083605961468e-05,0.0014540167211922936,13755
2,29159,94144,24199,0.0014403786138070579,0.006596278042148199,0.003967106078763586,0.925,13,3200,0.0014592730167153091,6.633059166887768e-05,0.0013266118333775537,15076
0,35279,94234,24199,0.0027495110405623743,0.006972005857758346,0.003967106078763586,0.925,13,3300,0.0014592730167153091,6.633059166887768e-05,0.0013266118333775537,15076
1,29159,65922,22878,0.0014403786138070579,0.0038226995540183856,0.004196170993968004,0.925,13,3300,0.0015994183933115231,7.270083605961468e-05,0.0014540167211922936,13755
2,29159,94144,24199,0.0014403786138070579,0.006596278042148199,0.003967106078763586,0.925,13,3300,0.0014592730167153091,6.633059166887768e-05,0.0013266118333775537,15076
0,35542,94260,24199,0.005008159360756288,0.007542966263526416,0.003967106078763586,0.95,13,3400,0.0014592730167153091,6.633059166887768e-05,0.0013266118333775537,15076
1,35542,65922,22878,0.005008159360756288,0.0038226995540183856,0.004196170993968004,0.95,13,3400,0.0015994183933115231,7.270083605961468e-05,0.0014540167211922936,13755
2,35542,94260,24199,0.005008159360756288,0.007542966263526416,0.003967106078763586,0.95,13,3400,0.0014592730167153091,6.633059166887768e-05,0.0013266118333775537,15076
0,35542,94405,24199,0.005092566540993754,0.007605529368147874,0.003967106078763586,0.95,13,3500,0.0014592730167153091,6.633059166887768e-05,0.0013266118333775537,15076
1,35542,65922,22878,0.005008159360756288,0.0038226995540183856,0.004196170993968004,0.95,13,3500,0.0015994183933115231,7.270083605961468e-05,0.0014540167211922936,13755
2,35542,94260,24199,0.005008159360756288,0.007542966263526416,0.003967106078763586,0.95,13,3500,0.0014592730167153091,6.633059166887768e-05,0.0013266118333775537,15076
0,35707,94405,24199,0.005069034082952922,0.007605529368147874,0.003967106078763586,0.975,13,3600,0.0014592730167153091,6.633059166887768e-05,0.0013266118333775537,15076
1,35707,65922,22878,0.005069034082952922,0.0038226995540183856,0.004196170993968004,0.975,13,3600,0.0015994183933115231,7.270083605961468e-05,0.0014540167211922936,13755
2,35542,94260,24199,0.005008159360756288,0.007542966263526416,0.003967106078763586,0.95,13,3600,0.0014592730167153091,6.633059166887768e-05,0.0013266118333775537,15076
0,1288,513,1319,0.0,0.0,0.0,0.0,42,0,0.0,0.0,0.0,311
1,1288,513,1319,0.0,0.0,0.0,0.0,42,0,0.0,0.0,0.0,311
2,1288,513,1319,0.0,0.0,0.0,0.0,42,0,0.0,0.0,0.0,311
0,4057,3166,1319,0.0009859502095144195,0.0012634238787113076,0.0,0.0,42,100,0.0024232633279483036,0.0024232633279483036,0.0,1238
1,3330,513,4142,0.0006006006006006006,0.0,0.0009657170449058426,0.0,42,100,0.003898635477582846,0.0,0.003898635477582846,513
2,1288,1558,3334,0.0,0.0006418485237483953,0.00029994001199760045,0.0,42,100,0.0,0.001183431952662722,0.001183431952662722,845
0,12296,8157,17534,0.0008945998698763826,0.001716317273507417,0.0006273525721455458,0.0,42,200,0.0008590011044299914,0.0017180022088599829,0.0009817155479199902,8149
1,12296,8157,17534,0.0008945998698763826,0.001716317273507417,0.0006273525721455458,0.0,42,200,0.0008590011044299914,0.0017180022088599829,0.0009817155479199902,8149
2,12296,8157,17534,0.0008945998698763826,0.001716317273507417,0.0006273525721455458,0.0,42,200,0.0008590011044299914,0.0017180022088599829,0.0009817155479199902,8149
0,13138,8397,17534,0.0007611508601004719,0.0017863522686673813,0.0006273525721455458,0.025,42,300,0.000835421888053467,0.001670843776106934,0.0009547678720611051,8379
1,12296,8157,21998,0.0008945998698763826,0.001716317273507417,0.0005455041367397036,0.025,42,300,0.0008590011044299914,0.0017180022088599829,0.0009817155479199902,8149
2,12296,8157,17823,0.0008945998698763826,0.001716317273507417,0.0006171800482522584,0.025,42,300,0.0008590011044299914,0.0017180022088599829,0.0009817155479199902,8149
0,13166,8418,25330,0.0017469238948807535,0.0020194820622475647,0.0006711409395973154,0.025,42,400,0.0010714285714285715,0.0019047619047619048,0.0009523809523809524,8400
1,13166,8418,25330,0.0017469238948807535,0.0020194820622475647,0.0006711409395973154,0.025,42,400,0.0010714285714285715,0.0019047619047619048,0.0009523809523809524,8400
2,13166,8418,25330,0.0017469238948807535,0.0020194820622475647,0.0006711409395973154,0.025,42,400,0.0010714285714285715,0.0019047619047619048,0.0009523809523809524,8400
0,16380,11625,25330,0.0016483516483516484,0.0024086021505376346,0.0006711409395973154,0.025,42,500,0.0012923235978288964,0.0023261824760920135,0.0008615490652192642,11607
1,13166,8418,30752,0.0017469238948807535,0.0020194820622475647,0.0009105098855359001,0.025,42,500,0.0010714285714285715,0.0019047619047619048,0.0009523809523809524,8400
2,13166,8418,25330,0.0017469238948807535,0.0020194820622475647,0.0006711409395973154,0.025,42,500,0.0010714285714285715,0.0019047619047619048,0.0009523809523809524,8400
0,23132,18378,31141,0.002377658654677503,0.002938295788442703,0.0012523682604925982,0.05,42,600,0.002352941176470588,0.0029001367989056085,0.0006566347469220246,18275
1,23132,18378,31141,0.002377658654677503,0.002938295788442703,0.0012523682604925982,0.05,42,600,0.002352941176470588,0.0029001367989056085,0.0006566347469220246,18275
2,23132,18378,31141,0.002377658654677503,0.002938295788442703,0.0012523682604925982,0.05,42,600,0.002352941176470588,0.0029001367989056085,0.0006566347469220246,18275
0,29245,22012,31141,0.003453581808856215,0.004724695620570598,0.0012523682604925982,0.1,42,700,0.004064483719230945,0.004703840708772891,0.0006850253459377997,21897
1,23132,18378,31416,0.002377658654677503,0.002938295788442703,0.0009549274255156608,0.1,42,700,0.002352941176470588,0.0029001367989056085,0.0006566347469220246,18275
2,23132,18378,31141,0.002377658654677503,0.002938295788442703,0.0012523682604925982,0.1,42,700,0.002352941176470588,0.0029001367989056085,0.0006566347469220246,18275
0,32351,22199,31969,0.004049333869123056,0.005495743051488805,0.0009384090837999312,0.1,42,800,0.004845136750588661,0.005479079876833907,0.0006792247781199058,22084
1,32351,22199,31969,0.004049333869123056,0.005495743051488805,0.0009384090837999312,0.1,42,800,0.004845136750588661,0.005479079876833907,0.0006792247781199058,22084
2,23132,18378,31969,0.002377658654677503,0.002938295788442703,0.0009384090837999312,0.1,42,800,0.002352941176470588,0.0029001367989056085,0.0006566347469220246,18275
0,32536,22210,31969,0.005378657487091222,0.005538045925258892,0.0009384090837999312,0.15,42,900,0.004887983706720978,0.005521611224258882,0.0006788866259334691,22095
1,32351,22199,31969,0.004049333869123056,0.005495743051488805,0.0009384090837999312,0.125,42,900,0.004845136750588661,0.005479079876833907,0.0006792247781199058,22084
2,23132,18378,31969,0.002377658654677503,0.002938295788442703,0.0009384090837999312,0.15,42,900,0.002352941176470588,0.0029001367989056085,0.0006566347469220246,18275
0,32684,22210,31969,0.005660261901847999,0.005538045925258892,0.0009384090837999312,0.225,42,1000,0.004887983706720978,0.005521611224258882,0.0006788866259334691,22095
1,32684,22210,31969,0.005660261901847999,0.005538045925258892,0.0009384090837999312,0.225,42,1000,0.004887983706720978,0.005521611224258882,0.0006788866259334691,22095
2,32684,22210,31969,0.005660261901847999,0.005538045925258892,0.0009384090837999312,0.225,42,1000,0.004887983706720978,0.005521611224258882,0.0006788866259334691,22095
0,32992,22210,31969,0.005607419980601358,0.005538045925258892,0.0009384090837999312,0.225,42,1100,0.004887983706720978,0.005521611224258882,0.0006788866259334691,22095
1,32684,22210,31969,0.005660261901847999,0.005538045925258892,0.0009384090837999312,0.225,42,1100,0.004887983706720978,0.005521611224258882,0.0006788866259334691,22095
2,32684,22210,34507,0.005660261901847999,0.005538045925258892,0.0008983684469817718,0.225,42,1100,0.004887983706720978,0.005521611224258882,0.0006788866259334691,22095
0,32992,22210,31969,0.005607419980601358,0.005538045925258892,0.0009384090837999312,0.3,42,1200,0.004887983706720978,0.005521611224258882,0.0006788866259334691,22095
1,32992,22210,41970,0.005607419980601358,0.005538045925258892,0.0012866333095067906,0.3,42,1200,0.004887983706720978,0.005521611224258882,0.0006788866259334691,22095
2,32684,22210,41970,0.005660261901847999,0.005538045925258892,0.0012866333095067906,0.3,42,1200,0.004887983706720978,0.005521611224258882,0.0006788866259334691,22095
0,32992,22210,31969,0.005607419980601358,0.005538045925258892,0.0009384090837999312,0.3,42,1300,0.004887983706720978,0.005521611224258882,0.0006788866259334691,22095
1,32992,22210,41970,0.005607419980601358,0.005538045925258892,0.0012628067667381463,0.3,42,1300,0.004887983706720978,0.005521611224258882,0.0006788866259334691,22095
2,32684,22210,42101,0.005660261901847999,0.005538045925258892,0.0012826298662739603,0.3,42,1300,0.004887983706720978,0.005521611224258882,0.0006788866259334691,22095
0,34996,22210,31969,0.005343467824894274,0.005538045925258892,0.0009384090837999312,0.325,42,1400,0.004887983706720978,0.005521611224258882,0.0006788866259334691,22095
1,34996,22210,42101,0.005343467824894274,0.005538045925258892,0.001258877461342961,0.325,42,1400,0.004887983706720978,0.005521611224258882,0.0006788866259334691,22095
2,32684,22210,42101,0.005660261901847999,0.005538045925258892,0.001258877461342961,0.325,42,1400,0.004887983706720978,0.005521611224258882,0.0006788866259334691,22095
0,37392,22210,31969,0.005134788189987163,0.005538045925258892,0.0009384090837999312,0.325,42,1500,0.004887983706720978,0.005521611224258882,0.0006788866259334691,22095
1,34996,22210,42101,0.005343467824894274,0.005538045925258892,0.001258877461342961,0.35,42,1500,0.004887983706720978,0.005521611224258882,0.0006788866259334691,22095
2,32684,22210,42101,0.005660261901847999,0.005538045925258892,0.001258877461342961,0.35,42,1500,0.004887983706720978,0.005521611224258882,0.0006788866259334691,22095
0,37392,22210,31969,0.005134788189987163,0.005538045925258892,0.0009384090837999312,0.4,42,1600,0.004887983706720978,0.005521611224258882,0.0006788866259334691,22095
1,37392,22210,42101,0.005134788189987163,0.005538045925258892,0.001258877461342961,0.4,42,1600,0.004887983706720978,0.005521611224258882,0.0006788866259334691,22095
2,32684,22210,42101,0.005660261901847999,0.005538045925258892,0.001258877461342961,0.4,42,1600,0.004887983706720978,0.005521611224258882,0.0006788866259334691,22095
0,37392,22210,31969,0.005134788189987163,0.005538045925258892,0.0009384090837999312,0.45,42,1700,0.004887983706720978,0.005521611224258882,0.0006788866259334691,22095
1,37392,22210,42101,0.005134788189987163,0.005538045925258892,0.001258877461342961,0.45,42,1700,0.004887983706720978,0.005521611224258882,0.0006788866259334691,22095
2,32684,22210,42101,0.005660261901847999,0.005538045925258892,0.001258877461342961,0.425,42,1700,0.004887983706720978,0.005521611224258882,0.0006788866259334691,22095
0,37392,22210,31969,0.005134788189987163,0.005538045925258892,0.0009384090837999312,0.475,42,1800,0.004887983706720978,0.005521611224258882,0.0006788866259334691,22095
1,37392,22210,42101,0.005134788189987163,0.005538045925258892,0.001258877461342961,0.475,42,1800,0.004887983706720978,0.005521611224258882,0.0006788866259334691,22095
2,32684,22210,42101,0.005660261901847999,0.005538045925258892,0.001258877461342961,0.475,42,1800,0.004887983706720978,0.005521611224258882,0.0006788866259334691,22095
0,39389,22210,31969,0.005128335322044226,0.005538045925258892,0.0009384090837999312,0.475,42,1900,0.004887983706720978,0.005521611224258882,0.0006788866259334691,22095
1,37392,22210,42101,0.005134788189987163,0.005538045925258892,0.001258877461342961,0.475,42,1900,0.004887983706720978,0.005521611224258882,0.0006788866259334691,22095
2,32684,22210,42101,0.005660261901847999,0.005538045925258892,0.001258877461342961,0.475,42,1900,0.004887983706720978,0.005521611224258882,0.0006788866259334691,22095
0,43794,22845,42101,0.005845549618669224,0.005384110308601445,0.001258877461342961,0.525,42,2000,0.0048834139903211615,0.005367355917289925,0.0008358996920369556,22730
1,43794,22845,42101,0.005845549618669224,0.005384110308601445,0.001258877461342961,0.5,42,2000,0.0048834139903211615,0.005367355917289925,0.0008358996920369556,22730
2,43794,22845,42101,0.005845549618669224,0.005384110308601445,0.001258877461342961,0.525,42,2000,0.0048834139903211615,0.005367355917289925,0.0008358996920369556,22730
0,47620,23997,42101,0.005669886602267955,0.005959078218110597,0.001258877461342961,0.625,42,2100,0.005150322418557909,0.005945900678335148,0.0008793233397537894,23882
1,43794,22845,42101,0.005845549618669224,0.005384110308601445,0.001258877461342961,0.55,42,2100,0.0048834139903211615,0.005367355917289925,0.0008358996920369556,22730
2,43794,22845,42101,0.005845549618669224,0.005384110308601445,0.001258877461342961,0.6,42,2100,0.0048834139903211615,0.005367355917289925,0.0008358996920369556,22730
0,47631,23998,42101,0.005668577187126031,0.006000500041670139,0.001258877461342961,0.675,42,2200,0.005150106770506218,0.005987522505547879,0.0008792865217937445,23883
1,47631,23998,42101,0.005668577187126031,0.006000500041670139,0.001258877461342961,0.65,42,2200,0.005150106770506218,0.005987522505547879,0.0008792865217937445,23883
2,47631,23998,42101,0.005668577187126031,0.006000500041670139,0.001258877461342961,0.675,42,2200,0.005150106770506218,0.005987522505547879,0.0008792865217937445,23883
0,48683,24110,42101,0.00571041225889941,0.006304437992534218,0.001258877461342961,0.7,42,2300,0.005251093977912065,0.006292977703688268,0.0008751823296520108,23995
1,47631,23998,42101,0.005668577187126031,0.006000500041670139,0.001258877461342961,0.675,42,2300,0.005150106770506218,0.005987522505547879,0.0008792865217937445,23883
2,47631,23998,42101,0.005668577187126031,0.006000500041670139,0.001258877461342961,0.675,42,2300,0.005150106770506218,0.005987522505547879,0.0008792865217937445,23883
0,56375,28351,42101,0.005215077605321508,0.005361362914888364,0.001258877461342961,0.7,42,2400,0.004667012371286762,0.005593006889399215,0.0007778353952144604,26998
1,56375,28351,42101,0.005215077605321508,0.005361362914888364,0.001258877461342961,0.7,42,2400,0.004667012371286762,0.005593006889399215,0.0007778353952144604,26998
2,56375,28351,42101,0.005215077605321508,0.005361362914888364,0.001258877461342961,0.7,42,2400,0.004667012371286762,0.005593006889399215,0.0007778353952144604,26998
0,58722,35399,42101,0.0051088178195565544,0.00553687957286929,0.001258877461342961,0.725,42,2500,0.004470426409903714,0.00546767537826685,0.0008253094910591472,29080
1,56375,28351,42101,0.005215077605321508,0.005361362914888364,0.001258877461342961,0.7,42,2500,0.004667012371286762,0.005593006889399215,0.0007778353952144604,26998
2,56375,28351,42101,0.005215077605321508,0.005361362914888364,0.001258877461342961,0.75,42,2500,0.004667012371286762,0.005593006889399215,0.0007778353952144604,26998
0,64132,39996,42101,0.0052391941620407905,0.006600660066006601,0.001258877461342961,0.8,42,2600,0.004573123628835399,0.005747304020022865,0.0009578840033371442,32363
1,56375,28351,42101,0.005215077605321508,0.005361362914888364,0.001258877461342961,0.7,42,2600,0.004667012371286762,0.005593006889399215,0.0007778353952144604,26998
2,64132,39996,42101,0.0052391941620407905,0.006600660066006601,0.001258877461342961,0.8,42,2600,0.004573123628835399,0.005747304020022865,0.0009578840033371442,32363
0,72562,43313,42101,0.005374714037650561,0.006880151455683051,0.001258877461342961,0.825,42,2700,0.004562352145995268,0.00582967218654951,0.0011546693702827531,35508
1,56375,28351,42101,0.005215077605321508,0.005361362914888364,0.001258877461342961,0.7,42,2700,0.004667012371286762,0.005593006889399215,0.0007778353952144604,26998
2,64132,39996,42101,0.0052391941620407905,0.006600660066006601,0.001258877461342961,0.825,42,2700,0.004573123628835399,0.005747304020022865,0.0009578840033371442,32363
0,76925,46601,42101,0.006109847253818654,0.007789532413467522,0.001258877461342961,0.825,42,2800,0.004767776407727086,0.006028223044252637,0.0011234415673379915,36495
1,76925,46601,42101,0.006109847253818654,0.007789532413467522,0.001258877461342961,0.825,42,2800,0.004767776407727086,0.006028223044252637,0.0011234415673379915,36495
2,76921,46601,42101,0.00611016497445431,0.007789532413467522,0.001258877461342961,0.825,42,2800,0.004767776407727086,0.006028223044252637,0.0011234415673379915,36495
0,77780,46988,42101,0.006659809719722294,0.008534093811185835,0.001258877461342961,0.85,42,2900,0.005141950659154313,0.006427438323942891,0.001121382856517696,36562
1,76925,46601,42101,0.006109847253818654,0.007789532413467522,0.001258877461342961,0.85,42,2900,0.004767776407727086,0.006028223044252637,0.0011234415673379915,36495
2,76921,46601,42101,0.00611016497445431,0.007789532413467522,0.001258877461342961,0.825,42,2900,0.004767776407727086,0.006028223044252637,0.0011234415673379915,36495
0,77782,50973,42101,0.006659638476768404,0.008533929727502795,0.001258877461342961,0.875,42,3000,0.005141950659154313,0.006427438323942891,0.001121382856517696,36562
1,76925,46601,42101,0.006109847253818654,0.007789532413467522,0.001258877461342961,0.85,42,3000,0.004767776407727086,0.006028223044252637,0.0011234415673379915,36495
2,77778,50973,42101,0.006659980971482939,0.008533929727502795,0.001258877461342961,0.875,42,3000,0.005141950659154313,0.006427438323942891,0.001121382856517696,36562
0,77782,54975,42101,0.006659638476768404,0.008967712596634834,0.001258877461342961,0.875,42,3100,0.005141950659154313,0.006427438323942891,0.001121382856517696,36562
1,76925,46601,42101,0.006109847253818654,0.007789532413467522,0.001258877461342961,0.875,42,3100,0.004767776407727086,0.006028223044252637,0.0011234415673379915,36495
2,77778,55190,42101,0.006659980971482939,0.008262366370719334,0.001258877461342961,0.875,42,3100,0.005141950659154313,0.006427438323942891,0.001121382856517696,36562
0,77782,63425,42101,0.006659638476768404,0.01029562475364604,0.001258877461342961,0.925,42,3200,0.005141950659154313,0.006427438323942891,0.001121382856517696,36562
1,77782,63425,42101,0.006659638476768404,0.01029562475364604,0.001258877461342961,0.925,42,3200,0.005141950659154313,0.006427438323942891,0.001121382856517696,36562
2,77782,63425,42101,0.006659638476768404,0.01029562475364604,0.001258877461342961,0.925,42,3200,0.005141950659154313,0.006427438323942891,0.001121382856517696,36562
0,77782,63571,42101,0.006659638476768404,0.010838275314215601,0.001258877461342961,0.925,42,3300,0.005141950659154313,0.006427438323942891,0.001121382856517696,36562
1,77782,63425,42101,0.006659638476768404,0.01029562475364604,0.001258877461342961,0.925,42,3300,0.005141950659154313,0.006427438323942891,0.001121382856517696,36562
2,77782,66502,42392,0.006659638476768404,0.010059847824125591,0.0012502358935648236,0.925,42,3300,0.00510134860119936,0.0063766857514992,0.0011125281523892221,36853
0,77835,70060,44078,0.006745037579495085,0.01069083642592064,0.001202413902627161,0.925,42,3400,0.0050367036382146495,0.006322670524567326,0.0010984300487595778,37326
1,77835,70060,44078,0.006745037579495085,0.01069083642592064,0.001202413902627161,0.925,42,3400,0.0050367036382146495,0.006322670524567326,0.0010984300487595778,37326
2,77835,70060,44078,0.006745037579495085,0.01069083642592064,0.001202413902627161,0.925,42,3400,0.0050367036382146495,0.006322670524567326,0.0010984300487595778,37326
0,78917,70093,44078,0.007045376788271222,0.01075713694662805,0.001202413902627161,0.95,42,3500,0.005116391203021617,0.006402185850901396,0.0010982829283973105,37331
1,80032,70060,48235,0.006609856057576969,0.01069083642592064,0.0015756193635327045,0.95,42,3500,0.0047663717262885685,0.0060086707400552695,0.001064827726085744,39443
2,77835,70107,45792,0.006745037579495085,0.010883364000741724,0.0012884346610761706,0.95,42,3500,0.005035759247850428,0.006321485013259047,0.0010982240912865294,37333
0,86254,70150,55213,0.00702576112412178,0.011033499643620813,0.0034955535833952147,0.95,42,3600,0.004636608651957425,0.006098396601343018,0.0014389475126764424,43782
1,86254,70150,55213,0.00702576112412178,0.011033499643620813,0.0034955535833952147,0.95,42,3600,0.004636608651957425,0.006098396601343018,0.0014389475126764424,43782
2,86254,70150,55213,0.00702576112412178,0.011033499643620813,0.0034955535833952147,0.95,42,3600,0.004636608651957425,0.006098396601343018,0.0014389475126764424,43782
0,88848,70150,55213,0.007180803169457951,0.01111903064861012,0.0034955535833952147,0.95,42,3700,0.004773651272212325,0.006235439221597917,0.0014389475126764424,43782
1,88047,70150,56942,0.007393778322941157,0.011033499643620813,0.0034420989779073443,0.95,42,3700,0.004703296703296703,0.006153846153846154,0.0014065934065934065,45500
2,86254,70150,55213,0.00702576112412178,0.011047754811119031,0.0035317769365910204,0.95,42,3700,0.004636608651957425,0.006121237038052167,0.0014617879493855923,43782
0,91113,70150,57134,0.007869349050080668,0.011133285816108339,0.0035180452970210384,0.95,42,3800,0.00488071788137448,0.00632523528124316,0.0014664040271394178,45690
1,91113,70150,57134,0.007869349050080668,0.011133285816108339,0.0035180452970210384,0.95,42,3800,0.00488071788137448,0.00632523528124316,0.0014664040271394178,45690
2,89118,70150,55213,0.00733858479768397,0.011133285816108339,0.003549888613188923,0.95,42,3800,0.004773651272212325,0.006258279658307067,0.0014617879493855923,43782
0,91117,70150,57134,0.008318974505306364,0.011133285816108339,0.0035180452970210384,0.95,42,3900,0.00488071788137448,0.00632523528124316,0.0014664040271394178,45690
1,91175,70150,57135,0.00798464491362764,0.011133285816108339,0.0035179837227618796,0.95,42,3900,0.004880611061259329,0.006325096846206036,0.0014663719332034756,45691
2,89118,70150,55213,0.00733858479768397,0.011133285816108339,0.003549888613188923,0.95,42,3900,0.004773651272212325,0.006258279658307067,0.0014617879493855923,43782
0,92342,70150,57135,0.008565982976327132,0.011133285816108339,0.0035179837227618796,0.95,42,4000,0.004880611061259329,0.006325096846206036,0.0014663719332034756,45691
1,92342,70150,57135,0.008565982976327132,0.011133285816108339,0.0035179837227618796,0.95,42,4000,0.004880611061259329,0.006325096846206036,0.0014663719332034756,45691
2,92338,70150,57135,0.008024865169269424,0.011133285816108339,0.0035179837227618796,0.95,42,4000,0.004880611061259329,0.006325096846206036,0.0014663719332034756,45691
0,92342,70150,57135,0.008565982976327132,0.011133285816108339,0.0035179837227618796,0.95,42,4100,0.004880611061259329,0.006325096846206036,0.0014663719332034756,45691
1,93797,70150,57135,0.009232704670725076,0.011133285816108339,0.0035179837227618796,0.95,42,4100,0.004880611061259329,0.006325096846206036,0.0014663719332034756,45691
2,92338,70150,57135,0.008024865169269424,0.011133285816108339,0.0035354861293427848,0.95,42,4100,0.004880611061259329,0.006325096846206036,0.0014663719332034756,45691
0,103114,70150,57135,0.010648408557518863,0.011133285816108339,0.0035179837227618796,0.95,42,4200,0.004880611061259329,0.006325096846206036,0.0014663719332034756,45691
1,103114,70150,57135,0.010648408557518863,0.011133285816108339,0.0035179837227618796,0.95,42,4200,0.004880611061259329,0.006325096846206036,0.0014663719332034756,45691
2,92338,70150,57135,0.008024865169269424,0.011133285816108339,0.0035354861293427848,0.95,42,4200,0.004880611061259329,0.006325096846206036,0.0014663719332034756,45691
0,103114,70150,57135,0.010648408557518863,0.011133285816108339,0.0035179837227618796,0.95,42,4300,0.004880611061259329,0.006325096846206036,0.0014663719332034756,45691
1,106157,70150,57135,0.011577192271823808,0.011133285816108339,0.0035179837227618796,0.95,42,4300,0.004880611061259329,0.006325096846206036,0.0014663719332034756,45691
2,92338,70363,58093,0.008024865169269424,0.011511732018248228,0.004389513366498545,0.95,42,4300,0.0048579644475426976,0.00688393168351342,0.0020477518299058905,45904
0,103114,70150,57135,0.010648408557518863,0.011133285816108339,0.0035179837227618796,0.975,42,4400,0.004880611061259329,0.006325096846206036,0.0014663719332034756,45691
1,109110,70150,57135,0.011859591238199981,0.011133285816108339,0.0035179837227618796,0.975,42,4400,0.004880611061259329,0.006325096846206036,0.0014663719332034756,45691
2,92338,73300,61055,0.008024865169269424,0.012305593451568895,0.005093767914175743,0.95,42,4400,0.005406623113313809,0.008212332834995596,0.0027237911896618814,48829
0,103114,70150,57135,0.010648408557518863,0.011133285816108339,0.0035179837227618796,0.975,42,4500,0.004880611061259329,0.006325096846206036,0.0014663719332034756,45691
1,109200,70150,57135,0.011895604395604395,0.011133285816108339,0.0035179837227618796,0.975,42,4500,0.004880611061259329,0.006325096846206036,0.0014663719332034756,45691
2,92338,76373,64173,0.008024865169269424,0.013224568892147749,0.0049397721783304505,0.95,42,4500,0.007283377329042949,0.00980751074201815,0.002697547158904796,51899
0,1320,530,1356,0.0,0.0,0.0,0.0,2024,0,0.0,0.0,0.0,316
1,1320,530,1356,0.0,0.0,0.0,0.0,2024,0,0.0,0.0,0.0,316
2,1320,530,1356,0.0,0.0,0.0,0.0,2024,0,0.0,0.0,0.0,316
0,4373,3475,1356,0.012119826206265722,0.021294964028776977,0.0,0.0,2024,100,0.008600469116497263,0.008600469116497263,0.0,1279
1,3362,530,4517,0.0,0.0,0.021695815806951516,0.0,2024,100,0.0,0.0,0.0,530
2,1320,3370,4394,0.0,0.0002967359050445104,0.020937642239417388,0.0,2024,100,0.0,0.0,0.0,1260
0,13874,21813,16962,0.00360386334150209,0.0007335075413744097,0.0031835868411743897,0.026,2024,200,0.0035190176699610664,0.0004492362982929021,0.0035190176699610664,13356
1,13874,21813,16962,0.00360386334150209,0.0007335075413744097,0.0031835868411743897,0.026,2024,200,0.0035190176699610664,0.0004492362982929021,0.0035190176699610664,13356
2,4385,21813,4423,0.021436716077537058,0.0007335075413744097,0.02125254352249604,0.026,2024,200,0.022050199390100868,0.0,0.022050199390100868,4263
0,13882,23561,16962,0.0036738222158190464,0.0006790883239251305,0.0031835868411743897,0.026,2024,300,0.0035917390002993114,0.000374139479197845,0.0035169111044597427,13364
1,13876,21813,16965,0.003603343903142116,0.0007335075413744097,0.003300913645741232,0.026,2024,300,0.0035184907920347355,0.0004491690372810301,0.0035184907920347355,13358
2,4385,22023,4423,0.021436716077537058,0.002406574944376334,0.02125254352249604,0.026,2024,300,0.022050199390100868,0.0,0.022050199390100868,4263
0,13884,37188,16965,0.003673292999135696,0.0015596428955577067,0.003300913645741232,0.051,2024,400,0.003591201556187341,0.0003740834954361814,0.003516384857100105,13366
1,13884,37188,16965,0.003673292999135696,0.0015596428955577067,0.003300913645741232,0.051,2024,400,0.003591201556187341,0.0003740834954361814,0.003516384857100105,13366
2,13884,37188,16965,0.003673292999135696,0.0015596428955577067,0.003300913645741232,0.051,2024,400,0.003591201556187341,0.0003740834954361814,0.003516384857100105,13366
0,13884,38132,16965,0.0036012676462114663,0.001547256897094304,0.003300913645741232,0.103,2024,500,0.003516384857100105,0.0003740834954361814,0.003516384857100105,13366
1,13884,37188,16965,0.003673292999135696,0.0015596428955577067,0.003300913645741232,0.103,2024,500,0.003591201556187341,0.0003740834954361814,0.003516384857100105,13366
2,13884,37266,16965,0.003673292999135696,0.0016637149143991841,0.003300913645741232,0.103,2024,500,0.003591201556187341,0.0003740834954361814,0.003516384857100105,13366
0,13926,38748,16965,0.0035904064340083297,0.0016516981521626922,0.003300913645741232,0.179,2024,600,0.003516384857100105,0.0003740834954361814,0.003516384857100105,13366
1,13926,38132,16965,0.0035904064340083297,0.001573481590265394,0.003300913645741232,0.179,2024,600,0.003516384857100105,0.0003740834954361814,0.003516384857100105,13366
2,13926,38748,16965,0.0035904064340083297,0.0016516981521626922,0.003300913645741232,0.179,2024,600,0.003516384857100105,0.0003740834954361814,0.003516384857100105,13366
0,13932,39634,16965,0.003588860178007465,0.00174092950497048,0.003300913645741232,0.231,2024,700,0.003516384857100105,0.0003740834954361814,0.003516384857100105,13366
1,13926,38132,16965,0.0035904064340083297,0.001573481590265394,0.003300913645741232,0.205,2024,700,0.003516384857100105,0.0003740834954361814,0.003516384857100105,13366
2,13926,38748,16965,0.0035904064340083297,0.0016516981521626922,0.003300913645741232,0.205,2024,700,0.003516384857100105,0.0003740834954361814,0.003516384857100105,13366
0,13932,46470,16965,0.003588860178007465,0.001936733376371853,0.003300913645741232,0.282,2024,800,0.003516384857100105,0.0003740834954361814,0.003516384857100105,13366
1,13932,40441,16965,0.003588860178007465,0.001458915457085631,0.003300913645741232,0.282,2024,800,0.003516384857100105,0.0003740834954361814,0.003516384857100105,13366
2,13932,46470,16965,0.003588860178007465,0.001936733376371853,0.003300913645741232,0.282,2024,800,0.003516384857100105,0.0003740834954361814,0.003516384857100105,13366
0,13932,51383,16965,0.003588860178007465,0.0026273281046260435,0.003300913645741232,0.308,2024,900,0.003516384857100105,0.0003740834954361814,0.003516384857100105,13366
1,13932,40441,16965,0.003588860178007465,0.001458915457085631,0.003300913645741232,0.282,2024,900,0.003516384857100105,0.0003740834954361814,0.003516384857100105,13366
2,13932,46470,16965,0.003588860178007465,0.001936733376371853,0.003300913645741232,0.308,2024,900,0.003516384857100105,0.0003740834954361814,0.003516384857100105,13366
0,13932,53380,16965,0.003588860178007465,0.003278381416260772,0.003300913645741232,0.333,2024,1000,0.003516384857100105,0.0003740834954361814,0.003516384857100105,13366
1,13932,40841,16965,0.003588860178007465,0.0014446267231458584,0.003300913645741232,0.333,2024,1000,0.003516384857100105,0.0003740834954361814,0.003516384857100105,13366
2,13932,53380,16965,0.003588860178007465,0.003278381416260772,0.003300913645741232,0.333,2024,1000,0.003516384857100105,0.0003740834954361814,0.003516384857100105,13366
0,13932,53865,16965,0.003588860178007465,0.0035087719298245615,0.003300913645741232,0.333,2024,1100,0.003516384857100105,0.0003740834954361814,0.003516384857100105,13366
1,13932,40841,16965,0.003588860178007465,0.0014446267231458584,0.003300913645741232,0.333,2024,1100,0.003516384857100105,0.0003740834954361814,0.003516384857100105,13366
2,13932,53391,16965,0.003588860178007465,0.0032964357288681615,0.003300913645741232,0.333,2024,1100,0.003516384857100105,0.0003740834954361814,0.003516384857100105,13366
0,13932,53908,16965,0.003588860178007465,0.0035059731394227202,0.003300913645741232,0.385,2024,1200,0.003516384857100105,0.0003740834954361814,0.003516384857100105,13366
1,13932,40841,16965,0.003588860178007465,0.0014446267231458584,0.003300913645741232,0.385,2024,1200,0.003516384857100105,0.0003740834954361814,0.003516384857100105,13366
2,13932,53908,16965,0.003588860178007465,0.0035059731394227202,0.003300913645741232,0.385,2024,1200,0.003516384857100105,0.0003740834954361814,0.003516384857100105,13366
0,13932,53908,16965,0.003588860178007465,0.0035059731394227202,0.003300913645741232,0.462,2024,1300,0.003516384857100105,0.0003740834954361814,0.003516384857100105,13366
1,13932,40841,16965,0.003588860178007465,0.0014446267231458584,0.003300913645741232,0.436,2024,1300,0.003516384857100105,0.0003740834954361814,0.003516384857100105,13366
2,13932,53908,16965,0.003588860178007465,0.0035059731394227202,0.003300913645741232,0.436,2024,1300,0.003516384857100105,0.0003740834954361814,0.003516384857100105,13366
0,13932,53908,16965,0.003588860178007465,0.0035059731394227202,0.003300913645741232,0.538,2024,1400,0.003516384857100105,0.0003740834954361814,0.003516384857100105,13366
1,13932,40841,16965,0.003588860178007465,0.0014446267231458584,0.003300913645741232,0.538,2024,1400,0.003516384857100105,0.0003740834954361814,0.003516384857100105,13366
2,13932,53908,16965,0.003588860178007465,0.0035059731394227202,0.003300913645741232,0.538,2024,1400,0.003516384857100105,0.0003740834954361814,0.003516384857100105,13366
0,13932,53908,16965,0.003588860178007465,0.0035059731394227202,0.003300913645741232,0.564,2024,1500,0.003516384857100105,0.0003740834954361814,0.003516384857100105,13366
1,13932,40841,16965,0.003588860178007465,0.0014446267231458584,0.003300913645741232,0.564,2024,1500,0.003516384857100105,0.0003740834954361814,0.003516384857100105,13366
2,13932,53908,16965,0.003588860178007465,0.0035059731394227202,0.003300913645741232,0.564,2024,1500,0.003516384857100105,0.0003740834954361814,0.003516384857100105,13366
0,13932,54322,16965,0.003588860178007465,0.0034792533411877324,0.003300913645741232,0.59,2024,1600,0.003516384857100105,0.0003740834954361814,0.003516384857100105,13366
1,13932,40841,16965,0.003588860178007465,0.0014446267231458584,0.003300913645741232,0.59,2024,1600,0.003516384857100105,0.0003740834954361814,0.003516384857100105,13366
2,13932,54322,16965,0.003588860178007465,0.0034792533411877324,0.003300913645741232,0.59,2024,1600,0.003516384857100105,0.0003740834954361814,0.003516384857100105,13366
0,13932,54322,16965,0.003588860178007465,0.0034792533411877324,0.003300913645741232,0.59,2024,1700,0.003516384857100105,0.0003740834954361814,0.003516384857100105,13366
1,13932,40841,16965,0.003588860178007465,0.0014446267231458584,0.003300913645741232,0.59,2024,1700,0.003516384857100105,0.0003740834954361814,0.003516384857100105,13366
2,13932,57313,16965,0.003588860178007465,0.003890914801179488,0.003300913645741232,0.59,2024,1700,0.003516384857100105,0.0003740834954361814,0.003516384857100105,13366
0,13932,59455,16965,0.003588860178007465,0.003969388613236902,0.003300913645741232,0.641,2024,1800,0.003516384857100105,0.0003740834954361814,0.003516384857100105,13366
1,13932,40841,16965,0.003588860178007465,0.0014446267231458584,0.003300913645741232,0.615,2024,1800,0.003516384857100105,0.0003740834954361814,0.003516384857100105,13366
2,13932,59455,16965,0.003588860178007465,0.003969388613236902,0.003300913645741232,0.641,2024,1800,0.003516384857100105,0.0003740834954361814,0.003516384857100105,13366
0,13932,59455,16965,0.003588860178007465,0.003969388613236902,0.003300913645741232,0.667,2024,1900,0.003516384857100105,0.0003740834954361814,0.003516384857100105,13366
1,13932,40841,16965,0.003588860178007465,0.0014446267231458584,0.003300913645741232,0.615,2024,1900,0.003516384857100105,0.0003740834954361814,0.003516384857100105,13366
2,13932,63358,16965,0.003588860178007465,0.004466681397771394,0.003300913645741232,0.667,2024,1900,0.003516384857100105,0.0003740834954361814,0.003516384857100105,13366
0,13932,75398,16965,0.003588860178007465,0.0048011883604339636,0.003300913645741232,0.667,2024,2000,0.003516384857100105,0.0003740834954361814,0.003516384857100105,13366
1,13936,40841,16965,0.003587830080367394,0.0014446267231458584,0.003300913645741232,0.615,2024,2000,0.003516384857100105,0.0003740834954361814,0.003516384857100105,13366
2,13932,75398,16965,0.003588860178007465,0.0048011883604339636,0.003300913645741232,0.667,2024,2000,0.003516384857100105,0.0003740834954361814,0.003516384857100105,13366
0,13932,79382,16965,0.003588860178007465,0.004623214330704694,0.003300913645741232,0.667,2024,2100,0.003516384857100105,0.0003740834954361814,0.003516384857100105,13366
1,15794,40841,16965,0.0031657591490439406,0.0014446267231458584,0.003300913645741232,0.615,2024,2100,0.003516384857100105,0.0003740834954361814,0.003516384857100105,13366
2,13932,84919,16965,0.003588860178007465,0.005275615586617836,0.003300913645741232,0.667,2024,2100,0.003516384857100105,0.0003740834954361814,0.003516384857100105,13366
0,13932,97769,16965,0.003588860178007465,0.0054107130071904186,0.003300913645741232,0.667,2024,2200,0.003516384857100105,0.0003740834954361814,0.003516384857100105,13366
1,16564,80093,16965,0.0037430572325525234,0.005318816875382368,0.003300913645741232,0.667,2024,2200,0.003516384857100105,0.0003740834954361814,0.003516384857100105,13366
2,16564,97769,16965,0.0037430572325525234,0.0054107130071904186,0.003300913645741232,0.667,2024,2200,0.003516384857100105,0.0003740834954361814,0.003516384857100105,13366
0,13932,98712,16965,0.003588860178007465,0.006037766431639517,0.003300913645741232,0.692,2024,2300,0.003516384857100105,0.0003740834954361814,0.003516384857100105,13366
1,16564,80093,16965,0.0037430572325525234,0.005318816875382368,0.003300913645741232,0.692,2024,2300,0.003516384857100105,0.0003740834954361814,0.003516384857100105,13366
2,16564,104286,16965,0.0037430572325525234,0.005638340716874748,0.003300913645741232,0.718,2024,2300,0.003516384857100105,0.0003740834954361814,0.003516384857100105,13366
0,16564,109733,17034,0.0037430572325525234,0.00721751888675239,0.0032875425619349535,0.744,2024,2400,0.003516384857100105,0.0003740834954361814,0.003516384857100105,13366
1,16564,109733,17034,0.0037430572325525234,0.00721751888675239,0.0032875425619349535,0.744,2024,2400,0.003516384857100105,0.0003740834954361814,0.003516384857100105,13366
2,16564,109733,17034,0.0037430572325525234,0.00721751888675239,0.0032875425619349535,0.744,2024,2400,0.003516384857100105,0.0003740834954361814,0.003516384857100105,13366
0,16564,109758,17034,0.0037430572325525234,0.007398093988593086,0.0032875425619349535,0.769,2024,2500,0.003516384857100105,0.0003740834954361814,0.003516384857100105,13366
1,16567,109733,19505,0.003742379428985332,0.00721751888675239,0.0031274032299410406,0.769,2024,2500,0.0035155957812850625,0.0003739995512005386,0.0035155957812850625,13369
2,16564,112716,17443,0.0037430572325525234,0.007700770077007701,0.003210456916814768,0.769,2024,2500,0.003516384857100105,0.0003740834954361814,0.003516384857100105,13366
0,18691,112845,25166,0.003317104488791397,0.007957818246267004,0.0028212667885241993,0.795,2024,2600,0.0030369604548979062,0.0003230808994572241,0.0030369604548979062,15476
1,18691,112845,25166,0.003317104488791397,0.007957818246267004,0.0028212667885241993,0.795,2024,2600,0.0030369604548979062,0.0003230808994572241,0.0030369604548979062,15476
2,18691,112845,25166,0.003317104488791397,0.007957818246267004,0.0028212667885241993,0.795,2024,2600,0.0030369604548979062,0.0003230808994572241,0.0030369604548979062,15476
0,18691,112854,25166,0.003317104488791397,0.007974905630283375,0.0028212667885241993,0.795,2024,2700,0.0030369604548979062,0.0003230808994572241,0.0030369604548979062,15476
1,18986,112845,25388,0.003265564099863057,0.007957818246267004,0.0029935402552386955,0.795,2024,2700,0.0029961114298463695,0.00031873525849429466,0.0029961114298463695,15687
2,18691,113073,29623,0.003317104488791397,0.00793292828526704,0.0036120581980218073,0.795,2024,2700,0.0030289360056711995,0.00032222723464587225,0.0030289360056711995,15517
0,18986,113406,36059,0.003265564099863057,0.007953723788864787,0.004243046118860756,0.821,2024,2800,0.0029724260055653934,0.0003162155325069567,0.0029724260055653934,15812
1,18986,113406,36059,0.003265564099863057,0.007953723788864787,0.004243046118860756,0.821,2024,2800,0.0029724260055653934,0.0003162155325069567,0.0029724260055653934,15812
2,18986,113406,36059,0.003265564099863057,0.007953723788864787,0.004243046118860756,0.821,2024,2800,0.0029724260055653934,0.0003162155325069567,0.0029724260055653934,15812
0,18986,113406,36059,0.003265564099863057,0.007953723788864787,0.004243046118860756,0.821,2024,2900,0.0029724260055653934,0.0003162155325069567,0.0029724260055653934,15812
1,18986,113406,36059,0.003265564099863057,0.007953723788864787,0.0042153137912865025,0.821,2024,2900,0.0029724260055653934,0.0003162155325069567,0.0029724260055653934,15812
2,18986,113420,41637,0.003265564099863057,0.007952742020807618,0.0037947018277013234,0.821,2024,2900,0.0029724260055653934,0.0003162155325069567,0.0029724260055653934,15812
0,18986,113436,48038,0.003265564099863057,0.007951620296907507,0.00422582122486365,0.872,2024,3000,0.0029724260055653934,0.0003162155325069567,0.0029724260055653934,15812
1,18986,113436,48038,0.003265564099863057,0.007951620296907507,0.00422582122486365,0.872,2024,3000,0.0029724260055653934,0.0003162155325069567,0.0029724260055653934,15812
2,18986,113420,48038,0.003265564099863057,0.007952742020807618,0.00422582122486365,0.872,2024,3000,0.0029724260055653934,0.0003162155325069567,0.0029724260055653934,15812
0,18986,113445,48038,0.003265564099863057,0.007950989466261184,0.00422582122486365,0.897,2024,3100,0.0029724260055653934,0.0003162155325069567,0.0029724260055653934,15812
1,18986,113436,48818,0.003265564099863057,0.007951620296907507,0.004240239256012126,0.897,2024,3100,0.0029724260055653934,0.0003162155325069567,0.0029724260055653934,15812
2,18986,113420,52734,0.003265564099863057,0.007952742020807618,0.004797663746349603,0.897,2024,3100,0.0029724260055653934,0.0003162155325069567,0.0029724260055653934,15812
0,18986,113450,57567,0.003265564099863057,0.007941824592331424,0.006149356402105373,0.897,2024,3200,0.0029724260055653934,0.0003162155325069567,0.0029724260055653934,15812
1,18986,113450,57567,0.003265564099863057,0.007941824592331424,0.006149356402105373,0.897,2024,3200,0.0029724260055653934,0.0003162155325069567,0.0029724260055653934,15812
2,18986,113450,57567,0.003265564099863057,0.007941824592331424,0.006149356402105373,0.897,2024,3200,0.0029724260055653934,0.0003162155325069567,0.0029724260055653934,15812
0,18986,113453,57567,0.003265564099863057,0.007959243034560567,0.006149356402105373,0.897,2024,3300,0.0029724260055653934,0.0003162155325069567,0.0029724260055653934,15812
1,18986,113450,57567,0.003265564099863057,0.007941824592331424,0.006166727465388156,0.923,2024,3300,0.0029724260055653934,0.0003162155325069567,0.0029724260055653934,15812
2,18986,113450,62753,0.003265564099863057,0.007941824592331424,0.006246713304543209,0.923,2024,3300,0.0029724260055653934,0.0003162155325069567,0.0029724260055653934,15812
0,18986,113453,57567,0.003265564099863057,0.007968057257190202,0.006149356402105373,0.897,2024,3400,0.0029724260055653934,0.0003162155325069567,0.0029724260055653934,15812
1,18986,113450,69131,0.003265564099863057,0.007941824592331424,0.007652138693205653,0.923,2024,3400,0.0029724260055653934,0.0003162155325069567,0.0029724260055653934,15812
2,18986,113450,69131,0.003265564099863057,0.007941824592331424,0.007652138693205653,0.923,2024,3400,0.0029724260055653934,0.0003162155325069567,0.0029724260055653934,15812
0,18986,113453,57567,0.003265564099863057,0.007968057257190202,0.006149356402105373,0.897,2024,3500,0.0029724260055653934,0.0003162155325069567,0.0029724260055653934,15812
1,18986,113450,70371,0.003265564099863057,0.007941824592331424,0.008824657884639979,0.923,2024,3500,0.0029724260055653934,0.0003162155325069567,0.0029724260055653934,15812
2,18986,113450,69165,0.003265564099863057,0.007941824592331424,0.007966457023060796,0.923,2024,3500,0.0029724260055653934,0.0003162155325069567,0.0029724260055653934,15812
0,18986,113453,57567,0.003265564099863057,0.007968057257190202,0.006149356402105373,0.897,2024,3600,0.0029724260055653934,0.0003162155325069567,0.0029724260055653934,15812
1,18986,113450,76999,0.003265564099863057,0.007941824592331424,0.010545591501188327,0.923,2024,3600,0.0029724260055653934,0.0003162155325069567,0.0029724260055653934,15812
2,18986,113450,76999,0.003265564099863057,0.007941824592331424,0.010545591501188327,0.923,2024,3600,0.0029724260055653934,0.0003162155325069567,0.0029724260055653934,15812
0,18986,113453,57567,0.003265564099863057,0.007968057257190202,0.006149356402105373,0.923,2024,3700,0.0029724260055653934,0.0003162155325069567,0.0029724260055653934,15812
1,18986,113450,77708,0.003265564099863057,0.007941824592331424,0.010758223091573583,0.949,2024,3700,0.0029724260055653934,0.0003162155325069567,0.0029724260055653934,15812
2,18986,113450,77043,0.003265564099863057,0.007941824592331424,0.011019820100463377,0.949,2024,3700,0.0029724260055653934,0.0003162155325069567,0.0029724260055653934,15812
0,18986,113453,57567,0.003265564099863057,0.007968057257190202,0.006149356402105373,0.923,2024,3800,0.0029724260055653934,0.0003162155325069567,0.0029724260055653934,15812
1,18986,113450,80047,0.003265564099863057,0.007941824592331424,0.012455182580234113,0.949,2024,3800,0.0029724260055653934,0.0003162155325069567,0.0029724260055653934,15812
2,18986,113450,80047,0.003265564099863057,0.007941824592331424,0.012455182580234113,0.949,2024,3800,0.0029724260055653934,0.0003162155325069567,0.0029724260055653934,15812
0,18986,113453,57567,0.003265564099863057,0.007968057257190202,0.006149356402105373,0.923,2024,3900,0.0029724260055653934,0.0003162155325069567,0.0029724260055653934,15812
1,18986,113450,80047,0.003265564099863057,0.007941824592331424,0.012442689919672192,0.949,2024,3900,0.0029724260055653934,0.0003162155325069567,0.0029724260055653934,15812
2,18986,113450,80110,0.003265564099863057,0.007941824592331424,0.012582698789164898,0.949,2024,3900,0.0029724260055653934,0.0003162155325069567,0.0029724260055653934,15812
0,19931,113453,63237,0.0031107320254879335,0.007968057257190202,0.006056580799215649,0.974,2024,4000,0.0029724260055653934,0.0003162155325069567,0.0029724260055653934,15812
1,18986,113450,80047,0.003265564099863057,0.007941824592331424,0.012430197259110272,0.949,2024,4000,0.0029724260055653934,0.0003162155325069567,0.0029724260055653934,15812
2,18986,113450,80111,0.003265564099863057,0.007941824592331424,0.01260750708392106,0.949,2024,4000,0.0029724260055653934,0.0003162155325069567,0.0029724260055653934,15812
0,19981,113453,63237,0.0032030428907462087,0.007968057257190202,0.006056580799215649,0.974,2024,4100,0.0029724260055653934,0.0003162155325069567,0.0029724260055653934,15812
1,18986,113450,80048,0.003265564099863057,0.007941824592331424,0.012455026983809714,0.949,2024,4100,0.0029724260055653934,0.0003162155325069567,0.0029724260055653934,15812
2,18986,113450,80111,0.003265564099863057,0.007941824592331424,0.01266992048532661,0.949,2024,4100,0.0029724260055653934,0.0003162155325069567,0.0029724260055653934,15812
0,19981,113453,63237,0.0032030428907462087,0.007968057257190202,0.006056580799215649,0.974,2024,4200,0.0029724260055653934,0.0003162155325069567,0.0029724260055653934,15812
1,18986,113450,80113,0.003265564099863057,0.007941824592331424,0.012694568921398525,0.949,2024,4200,0.0029724260055653934,0.0003162155325069567,0.0029724260055653934,15812
2,20822,113453,80113,0.0031216982038228796,0.007968057257190202,0.012694568921398525,0.974,2024,4200,0.0029724260055653934,0.0003162155325069567,0.0029724260055653934,15812
0,19981,113453,63237,0.0032530904359141183,0.007968057257190202,0.006056580799215649,0.974,2024,4300,0.0029724260055653934,0.0003162155325069567,0.0029724260055653934,15812
1,18986,113450,80113,0.003265564099863057,0.007941824592331424,0.0127070512900528,0.949,2024,4300,0.0029724260055653934,0.0003162155325069567,0.0029724260055653934,15812
2,20822,113453,80113,0.0031216982038228796,0.007968057257190202,0.012694568921398525,0.974,2024,4300,0.0029724260055653934,0.0003162155325069567,0.0029724260055653934,15812
0,19981,113453,63237,0.0032530904359141183,0.007968057257190202,0.006056580799215649,0.974,2024,4400,0.0029724260055653934,0.0003162155325069567,0.0029724260055653934,15812
1,18986,113450,80113,0.003265564099863057,0.007941824592331424,0.012694568921398525,0.974,2024,4400,0.0029724260055653934,0.0003162155325069567,0.0029724260055653934,15812
2,20822,113453,80113,0.0031216982038228796,0.007968057257190202,0.012694568921398525,0.974,2024,4400,0.0029724260055653934,0.0003162155325069567,0.0029724260055653934,15812
0,19981,113453,63237,0.0032530904359141183,0.007968057257190202,0.006056580799215649,0.974,2024,4500,0.0029724260055653934,0.0003162155325069567,0.0029724260055653934,15812
1,18986,113450,80113,0.003265564099863057,0.007941824592331424,0.012694568921398525,0.974,2024,4500,0.0029724260055653934,0.0003162155325069567,0.0029724260055653934,15812
2,20822,113453,80113,0.0031216982038228796,0.007968057257190202,0.0127070512900528,0.974,2024,4500,0.0029724260055653934,0.0003162155325069567,0.0029724260055653934,15812
0,19981,113453,63237,0.0032530904359141183,0.007968057257190202,0.006056580799215649,0.974,2024,4600,0.0029724260055653934,0.0003162155325069567,0.0029724260055653934,15812
1,18986,113450,80113,0.003265564099863057,0.007941824592331424,0.0127070512900528,0.974,2024,4600,0.0029724260055653934,0.0003162155325069567,0.0029724260055653934,15812
2,20822,113453,80113,0.0031697243300355393,0.007968057257190202,0.0127070512900528,0.974,2024,4600,0.0029724260055653934,0.0003162155325069567,0.0029724260055653934,15812
0,19981,113453,63237,0.0032530904359141183,0.007968057257190202,0.006056580799215649,0.974,2024,4700,0.0029724260055653934,0.0003162155325069567,0.0029724260055653934,15812
1,18986,113450,80113,0.003265564099863057,0.007941824592331424,0.012719533658707077,0.974,2024,4700,0.0029724260055653934,0.0003162155325069567,0.0029724260055653934,15812
2,20822,113453,80113,0.0031697243300355393,0.007968057257190202,0.0127070512900528,0.974,2024,4700,0.0029724260055653934,0.0003162155325069567,0.0029724260055653934,15812
0,19981,113453,63237,0.0032530904359141183,0.007968057257190202,0.006056580799215649,0.974,2024,4800,0.0029724260055653934,0.0003162155325069567,0.0029724260055653934,15812
1,18986,113450,80113,0.003265564099863057,0.007941824592331424,0.012719533658707077,0.974,2024,4800,0.0029724260055653934,0.0003162155325069567,0.0029724260055653934,15812
2,20822,113453,80113,0.0031697243300355393,0.007968057257190202,0.012719533658707077,0.974,2024,4800,0.0029724260055653934,0.0003162155325069567,0.0029724260055653934,15812
0,19981,113453,63237,0.0032530904359141183,0.007968057257190202,0.006056580799215649,0.974,2024,4900,0.0029724260055653934,0.0003162155325069567,0.0029724260055653934,15812
1,18986,113450,80113,0.003265564099863057,0.007941824592331424,0.0127070512900528,0.974,2024,4900,0.0029724260055653934,0.0003162155325069567,0.0029724260055653934,15812
2,20822,113453,80113,0.0031697243300355393,0.007968057257190202,0.012719533658707077,0.974,2024,4900,0.0029724260055653934,0.0003162155325069567,0.0029724260055653934,15812
0,19981,113453,63237,0.0032530904359141183,0.007968057257190202,0.006056580799215649,0.974,2024,5000,0.0029724260055653934,0.0003162155325069567,0.0029724260055653934,15812
1,18986,113450,80114,0.003265564099863057,0.007941824592331424,0.012731857103627332,0.974,2024,5000,0.0029724260055653934,0.0003162155325069567,0.0029724260055653934,15812
2,20822,113453,80114,0.0031697243300355393,0.007968057257190202,0.012731857103627332,0.974,2024,5000,0.0029724260055653934,0.0003162155325069567,0.0029724260055653934,15812
0,19981,113453,63237,0.0032530904359141183,0.007968057257190202,0.006056580799215649,0.974,2024,5100,0.0029724260055653934,0.0003162155325069567,0.0029724260055653934,15812
1,18986,113450,80114,0.003265564099863057,0.007941824592331424,0.012731857103627332,0.974,2024,5100,0.0029724260055653934,0.0003162155325069567,0.0029724260055653934,15812
2,20822,113453,80114,0.0031697243300355393,0.007968057257190202,0.012731857103627332,0.974,2024,5100,0.0029724260055653934,0.0003162155325069567,0.0029724260055653934,15812
